bible_version,hebrew_id,0
KJV,H559,791
NLT,H559,597
NIV,H559,597
ESV,H559,597
KJV,H413,469
KJV,H834,399
KJV,H1961,393
KJV,H1121,392
KJV,H853,383
NIV,H1121,365
NLT,H1121,365
ESV,H1121,365
KJV,H3605,349
NIV,H3605,345
NLT,H3605,345
ESV,H3605,345
KJV,H776,327
NLT,H776,309
ESV,H776,309
NIV,H776,309
KJV,H5921,300
ESV,H834,297
NIV,H834,297
NLT,H834,297
KJV,H3588,286
KJV,H935,256
KJV,H3808,255
NIV,H3205,236
ESV,H3205,236
NLT,H3205,236
ESV,H430,221
NIV,H430,221
NLT,H430,221
KJV,H430,220
NIV,H935,216
ESV,H935,216
NLT,H935,216
KJV,H1,208
NLT,H1,207
ESV,H1,207
NIV,H1,207
KJV,H3205,194
KJV,H7200,192
KJV,H251,188
KJV,H3290,182
KJV,H6213,181
NIV,H3290,180
NLT,H3290,180
ESV,H3290,180
NLT,H251,177
ESV,H251,177
NIV,H251,177
KJV,H3947,176
KJV,H1931,171
KJV,H3117,165
NLT,H3068,165
KJV,H5414,165
NIV,H3068,165
ESV,H3068,165
ESV,H376,164
NIV,H376,164
KJV,H376,164
NLT,H376,164
KJV,H3068,163
KJV,H802,160
NIV,H6213,157
ESV,H6213,157
NLT,H6213,157
KJV,H3130,156
ESV,H3130,155
NLT,H3130,155
NIV,H3130,155
NLT,H802,152
ESV,H5414,152
NIV,H5414,152
ESV,H802,152
NIV,H802,152
NLT,H5414,152
NIV,H3117,151
NLT,H3117,151
ESV,H3117,151
NLT,H7200,150
ESV,H7200,150
NIV,H7200,150
KJV,H7121,148
NIV,H3947,142
ESV,H3947,142
NLT,H3947,142
ESV,H1961,141
NIV,H1961,141
NLT,H1961,141
KJV,H854,140
KJV,H6440,140
KJV,H85,133
KJV,H1004,133
NIV,H85,132
ESV,H85,132
NLT,H85,132
NIV,H6440,131
NLT,H6440,131
ESV,H6440,131
KJV,H8141,130
ESV,H2088,129
NIV,H2088,129
NLT,H2088,129
KJV,H2009,128
NLT,H2009,124
NIV,H2009,124
ESV,H2009,124
ESV,H1980,122
NIV,H1980,122
NLT,H1980,122
KJV,H1323,120
NLT,H8141,118
ESV,H8141,118
NIV,H8141,118
KJV,H8034,116
KJV,H3318,114
ESV,H7121,112
NIV,H7121,112
NLT,H7121,112
NIV,H1323,110
NLT,H1323,110
ESV,H1323,110
NIV,H5921,109
ESV,H1004,109
ESV,H5921,109
NIV,H1004,109
NLT,H1004,109
NLT,H5921,109
KJV,H1571,108
NIV,H8034,105
ESV,H8034,105
KJV,H3212,105
NLT,H8034,105
KJV,H3027,102
KJV,H589,102
KJV,H4191,99
NLT,H8033,98
KJV,H2421,98
NIV,H8033,98
ESV,H8033,98
KJV,H1288,97
KJV,H6547,94
NLT,H6547,93
ESV,H6547,93
NIV,H6547,93
KJV,H8033,92
KJV,H428,91
ESV,H5650,91
NIV,H5650,91
KJV,H5650,91
NLT,H5650,91
ESV,H428,90
NLT,H428,90
KJV,H7725,90
NIV,H428,90
NIV,H3027,89
ESV,H3027,89
NLT,H3027,89
ESV,H3318,88
NIV,H3318,88
NLT,H3318,88
NIV,H4714,88
NLT,H4714,88
ESV,H4714,88
ESV,H3588,87
NIV,H3588,87
NLT,H3588,87
ESV,H7971,85
NIV,H7971,85
KJV,H310,85
NLT,H7971,85
KJV,H2088,85
KJV,H3427,84
KJV,H7971,84
NIV,H7725,83
ESV,H4191,83
KJV,H8085,83
NLT,H7725,83
NLT,H4191,83
NIV,H4191,83
ESV,H7725,83
KJV,H5973,82
KJV,H1696,81
NLT,H3327,80
KJV,H3327,80
ESV,H3327,80
NIV,H3327,80
KJV,H5869,79
NLT,H310,79
KJV,H4714,79
ESV,H310,79
NIV,H310,79
ESV,H1571,78
NLT,H1571,78
KJV,H398,78
NIV,H1571,78
KJV,H6215,77
NLT,H6215,76
KJV,H4480,76
NIV,H6215,76
ESV,H6215,76
NLT,H4994,76
ESV,H4994,76
NIV,H4994,76
ESV,H1288,75
NLT,H1288,75
KJV,H518,75
NIV,H1288,75
KJV,H996,73
ESV,H3427,73
KJV,H113,73
NLT,H3427,73
KJV,H4994,73
NIV,H3427,73
NIV,H2416,72
NIV,H1696,72
ESV,H3381,72
KJV,H2416,72
ESV,H2416,72
NLT,H1696,72
NLT,H2416,72
NIV,H3381,72
KJV,H3967,72
ESV,H1696,72
KJV,H859,72
NLT,H3381,72
NIV,H113,71
NLT,H113,71
ESV,H113,71
NLT,H5869,70
ESV,H5869,70
NIV,H5869,70
KJV,H7651,69
KJV,H3045,69
ESV,H4480,68
NLT,H4480,68
NIV,H4480,68
KJV,H1697,68
KJV,H4672,67
KJV,H8147,67
KJV,H6629,66
NIV,H398,66
ESV,H398,66
NLT,H398,66
NIV,H3045,65
NIV,H2421,65
ESV,H2421,65
NLT,H8085,65
NLT,H3045,65
ESV,H8085,65
ESV,H3045,65
NLT,H2421,65
KJV,H6965,65
NIV,H8085,65
ESV,H4100,64
ESV,H3967,64
KJV,H4100,64
NIV,H4100,64
NLT,H3967,64
KJV,H5704,64
NLT,H4100,64
NIV,H3967,64
NIV,H518,62
ESV,H518,62
NLT,H518,62
KJV,H87,61
NIV,H1697,60
ESV,H1697,60
NIV,H3651,60
NLT,H3651,60
ESV,H3651,60
KJV,H5927,60
NLT,H1697,60
ESV,H8147,59
KJV,H2233,59
NIV,H2233,59
ESV,H2233,59
NLT,H2233,59
NLT,H8147,59
NIV,H8147,59
NIV,H87,58
KJV,H5375,58
NIV,H6629,58
NLT,H6629,58
NLT,H87,58
ESV,H87,58
ESV,H6629,58
NIV,H7651,57
NLT,H7651,57
ESV,H7651,57
KJV,H5750,57
NLT,H5750,56
NIV,H4672,56
ESV,H4672,56
KJV,H4325,56
KJV,H595,56
ESV,H5750,56
NLT,H4672,56
NIV,H5750,56
KJV,H4725,55
KJV,H3651,55
ESV,H3837,54
NLT,H3837,54
KJV,H7760,54
NIV,H3837,54
KJV,H3837,54
NLT,H4325,52
NIV,H4325,52
KJV,H2063,52
ESV,H4325,52
KJV,H3381,51
NLT,H6965,50
KJV,H5892,50
ESV,H5927,50
NIV,H6965,50
NIV,H5927,50
NLT,H5927,50
ESV,H6965,50
NLT,H7760,48
ESV,H7760,48
KJV,H7704,48
NIV,H5892,48
NIV,H7760,48
NLT,H5892,48
KJV,H120,48
ESV,H5892,48
KJV,H259,48
NLT,H5375,47
NIV,H3808,47
ESV,H7704,47
ESV,H259,47
NLT,H259,47
ESV,H5375,47
NLT,H4725,47
ESV,H4725,47
NLT,H7704,47
NIV,H7704,47
NIV,H4725,47
NIV,H259,47
NLT,H3808,47
ESV,H3808,47
NIV,H5375,47
ESV,H3667,46
KJV,H3667,46
NLT,H3667,46
NIV,H3667,46
KJV,H5315,46
KJV,H7354,46
NLT,H369,45
KJV,H2896,45
ESV,H120,45
KJV,H369,45
ESV,H369,45
NIV,H120,45
NLT,H120,45
NIV,H369,45
KJV,H3701,44
NIV,H127,43
KJV,H3478,43
ESV,H2896,43
ESV,H441,43
NLT,H127,43
NIV,H7354,43
ESV,H127,43
NLT,H441,43
KJV,H127,43
NLT,H2896,43
KJV,H441,43
NIV,H2896,43
NIV,H441,43
ESV,H7354,43
NLT,H7354,43
ESV,H3478,42
KJV,H5046,42
KJV,H8064,42
ESV,H3701,42
NLT,H3478,42
NLT,H3701,42
NIV,H3478,42
NIV,H3701,42
NIV,H5146,41
NLT,H8064,41
NIV,H4428,41
NIV,H8064,41
NIV,H5704,41
KJV,H4428,41
ESV,H4428,41
NLT,H4428,41
KJV,H5146,41
ESV,H5704,41
NLT,H5704,41
ESV,H8064,41
NLT,H5146,41
ESV,H5146,41
NLT,H6258,40
KJV,H6258,40
NIV,H6258,40
ESV,H6258,40
KJV,H408,39
KJV,H3966,38
ESV,H996,38
KJV,H8283,38
NIV,H996,38
NLT,H996,38
KJV,H7451,37
NLT,H8283,37
NIV,H8283,37
ESV,H8283,37
ESV,H7451,36
NLT,H5046,36
NLT,H3966,36
NLT,H5315,36
NIV,H5315,36
NIV,H3966,36
ESV,H7812,36
NIV,H7451,36
NIV,H5046,36
NLT,H7812,36
ESV,H3966,36
ESV,H5315,36
NIV,H7812,36
ESV,H5046,36
KJV,H1980,36
KJV,H6030,36
NLT,H7451,36
KJV,H6680,35
NLT,H5066,35
ESV,H5066,35
NIV,H5066,35
KJV,H7235,34
ESV,H2472,34
KJV,H4735,34
KJV,H1419,34
NLT,H2472,34
KJV,H3812,34
NIV,H2472,34
ESV,H5971,33
ESV,H1419,33
ESV,H3812,33
KJV,H5674,33
NIV,H3812,33
KJV,H2472,33
NLT,H5971,33
NIV,H1419,33
NLT,H3812,33
KJV,H1870,33
NLT,H1419,33
KJV,H5971,33
KJV,H1320,33
NIV,H5971,33
KJV,H6086,32
NIV,H8198,32
KJV,H7969,32
ESV,H5288,32
KJV,H1471,32
KJV,H8478,32
NIV,H5288,32
NLT,H5288,32
ESV,H8198,32
NLT,H8198,32
KJV,H1285,31
NIV,H1320,31
KJV,H6912,31
NIV,H7235,31
ESV,H1870,31
NLT,H7235,31
ESV,H7235,31
NIV,H1870,31
NLT,H1870,31
ESV,H1320,31
NLT,H1320,31
NIV,H7259,30
ESV,H7259,30
KJV,H7259,30
NLT,H3876,30
KJV,H3876,30
NIV,H3876,30
KJV,H5066,30
ESV,H3876,30
NLT,H7259,30
KJV,H8198,30
NIV,H2022,29
ESV,H6086,29
NIV,H7969,29
ESV,H2022,29
ESV,H5674,29
NIV,H5674,29
ESV,H7969,29
NLT,H6086,29
NLT,H7969,29
KJV,H168,29
ESV,H8478,29
NLT,H8478,29
NIV,H8478,29
NLT,H2022,29
KJV,H5288,29
NIV,H6086,29
NLT,H5674,29
KJV,H7458,29
KJV,H2029,28
NIV,H3063,28
NLT,H6680,28
NLT,H6912,28
KJV,H7812,28
ESV,H6912,28
ESV,H6680,28
KJV,H3063,28
NIV,H6680,28
ESV,H3063,28
NIV,H6912,28
NLT,H3063,28
KJV,H6963,27
NIV,H1285,27
KJV,H8269,27
NLT,H1471,27
ESV,H1285,27
KJV,H3915,27
KJV,H8248,27
NIV,H1471,27
ESV,H1471,27
NLT,H1285,27
KJV,H1008,26
KJV,H8392,26
NLT,H7901,26
KJV,H5307,26
KJV,H517,26
ESV,H517,26
ESV,H7901,26
NIV,H8392,26
NLT,H517,26
NIV,H7901,26
KJV,H5647,26
KJV,H2568,26
NIV,H517,26
NLT,H8392,26
ESV,H8392,26
NLT,H8269,25
KJV,H269,25
NIV,H4735,25
KJV,H6310,25
ESV,H8269,25
ESV,H3915,25
NIV,H8269,25
ESV,H1581,25
KJV,H1581,25
NLT,H3915,25
NLT,H4735,25
NIV,H1581,25
NLT,H1581,25
ESV,H4735,25
NIV,H3915,25
KJV,H3899,25
KJV,H3372,25
NIV,H5775,24
NIV,H6963,24
NLT,H40,24
NIV,H7458,24
NIV,H3899,24
ESV,H6963,24
NIV,H6240,24
NLT,H7458,24
KJV,H40,24
KJV,H2022,24
ESV,H269,24
ESV,H7458,24
NLT,H3899,24
NIV,H40,24
ESV,H5775,24
NLT,H6240,24
NLT,H6963,24
NIV,H269,24
ESV,H6240,24
ESV,H3899,24
NLT,H269,24
KJV,H875,24
ESV,H40,24
NLT,H5775,24
KJV,H6240,24
KJV,H7901,23
ESV,H2568,23
NIV,H7462,23
KJV,H2734,23
ESV,H5647,23
NLT,H168,23
KJV,H5775,23
NIV,H168,23
KJV,H1129,23
NIV,H2568,23
NLT,H5647,23
NLT,H7462,23
NIV,H5647,23
KJV,H3615,23
ESV,H168,23
NLT,H2568,23
ESV,H7462,23
NIV,H875,22
NLT,H3372,22
ESV,H8248,22
NIV,H3372,22
KJV,H4135,22
KJV,H884,22
ESV,H3201,22
NLT,H875,22
NLT,H8248,22
NIV,H3201,22
NIV,H7650,22
ESV,H875,22
NLT,H7650,22
NIV,H8248,22
KJV,H7650,22
ESV,H3372,22
NLT,H3201,22
KJV,H4427,22
KJV,H3201,22
ESV,H7650,22
NLT,H929,21
KJV,H3254,21
KJV,H7843,21
ESV,H5467,21
NLT,H5467,21
NIV,H5467,21
NIV,H929,21
ESV,H929,21
KJV,H410,21
KJV,H6307,21
NIV,H2029,21
KJV,H5467,21
NLT,H2029,21
KJV,H929,21
ESV,H2029,21
KJV,H6996,21
NIV,H7218,20
NLT,H6996,20
NIV,H6996,20
NLT,H7218,20
NLT,H6310,20
NLT,H6509,20
KJV,H4713,20
NIV,H6509,20
KJV,H3206,20
KJV,H3426,20
ESV,H7218,20
ESV,H6509,20
KJV,H622,20
NIV,H6310,20
ESV,H6996,20
KJV,H5668,20
ESV,H6310,20
ESV,H1431,19
ESV,H5307,19
ESV,H1242,19
KJV,H6435,19
KJV,H7218,19
NLT,H3206,19
KJV,H7970,19
NIV,H3206,19
ESV,H4427,19
ESV,H3615,19
KJV,H1242,19
NLT,H5307,19
KJV,H1058,19
NIV,H3615,19
KJV,H1431,19
NLT,H3615,19
NIV,H1431,19
NLT,H4427,19
NLT,H1242,19
NIV,H4427,19
KJV,H2005,19
KJV,H4390,19
ESV,H3206,19
NLT,H1431,19
NIV,H1242,19
NIV,H5307,19
KJV,H68,18
NIV,H7927,18
KJV,H7927,18
NIV,H3190,18
KJV,H3190,18
KJV,H2543,18
NLT,H5795,18
KJV,H702,18
NLT,H4310,18
NIV,H1129,18
ESV,H622,18
ESV,H1129,18
ESV,H6030,18
KJV,H7462,18
NLT,H7927,18
KJV,H8297,18
ESV,H5795,18
NLT,H3190,18
KJV,H4310,18
ESV,H7970,18
NLT,H622,18
NIV,H7970,18
NIV,H6030,18
NIV,H4310,18
NIV,H5795,18
NIV,H622,18
ESV,H7927,18
ESV,H3190,18
KJV,H1992,18
NLT,H1129,18
NLT,H7970,18
NLT,H6030,18
ESV,H4310,18
ESV,H4397,17
NIV,H7431,17
ESV,H8297,17
ESV,H4327,17
KJV,H1241,17
NLT,H4327,17
KJV,H5152,17
NLT,H7431,17
KJV,H8354,17
KJV,H1144,17
NLT,H4397,17
ESV,H1241,17
NLT,H4135,17
KJV,H8432,17
KJV,H5608,17
NIV,H4397,17
NIV,H4327,17
KJV,H157,17
KJV,H5265,17
NLT,H3458,17
KJV,H4945,17
KJV,H8672,17
ESV,H2543,17
NIV,H4135,17
KJV,H6510,17
ESV,H7843,17
KJV,H6509,17
NIV,H7843,17
ESV,H8354,17
ESV,H7431,17
NIV,H1144,17
NLT,H2543,17
NIV,H1241,17
ESV,H1144,17
NIV,H8354,17
NLT,H1241,17
NLT,H8297,17
NIV,H3458,17
KJV,H4397,17
KJV,H3458,17
NIV,H8297,17
KJV,H4116,17
NLT,H8354,17
KJV,H4327,17
NLT,H1144,17
ESV,H3458,17
NLT,H7843,17
ESV,H4135,17
NIV,H2543,17
ESV,H4390,16
ESV,H7965,16
ESV,H400,16
NLT,H1293,16
NLT,H4390,16
KJV,H8083,16
ESV,H2492,16
NIV,H2945,16
KJV,H400,16
ESV,H7925,16
NLT,H7965,16
NLT,H5152,16
NIV,H7014,16
NLT,H7014,16
NLT,H7925,16
ESV,H2945,16
NLT,H1060,16
ESV,H7014,16
NLT,H400,16
NIV,H1293,16
NIV,H7965,16
NIV,H4390,16
ESV,H1058,16
ESV,H1293,16
NLT,H1058,16
ESV,H7666,16
NIV,H2492,16
NIV,H7925,16
KJV,H2492,16
NLT,H7666,16
NIV,H2026,16
KJV,H7592,16
KJV,H7641,16
NIV,H1060,16
NIV,H1058,16
KJV,H1293,16
NLT,H2492,16
ESV,H5152,16
NIV,H400,16
ESV,H2026,16
NLT,H2026,16
KJV,H2026,16
NLT,H2945,16
ESV,H1060,16
NIV,H7666,16
KJV,H572,16
KJV,H5975,16
NIV,H5152,16
KJV,H7014,16
ESV,H312,15
NIV,H6485,15
NIV,H8432,15
NLT,H6485,15
NLT,H68,15
NLT,H3426,15
KJV,H6235,15
ESV,H8432,15
KJV,H3423,15
ESV,H5493,15
KJV,H3820,15
NIV,H6235,15
NLT,H702,15
KJV,H8104,15
ESV,H8145,15
NLT,H572,15
KJV,H705,15
NIV,H312,15
ESV,H6485,15
NLT,H5493,15
NLT,H8145,15
NIV,H572,15
KJV,H2142,15
KJV,H5324,15
ESV,H68,15
KJV,H7489,15
NIV,H3254,15
KJV,H2320,15
KJV,H7272,15
NIV,H8145,15
ESV,H705,15
NLT,H8104,15
ESV,H3426,15
ESV,H572,15
NIV,H8104,15
NIV,H5493,15
ESV,H8104,15
NIV,H3426,15
ESV,H3254,15
NLT,H6235,15
NLT,H705,15
ESV,H5975,15
KJV,H6718,15
NIV,H702,15
NIV,H5975,15
NLT,H5975,15
NIV,H705,15
KJV,H7965,15
ESV,H6235,15
KJV,H5493,15
NLT,H8432,15
ESV,H702,15
NLT,H312,15
KJV,H312,15
NIV,H68,15
KJV,H587,15
KJV,H1060,15
NLT,H3254,15
KJV,H899,14
KJV,H905,14
NIV,H1588,14
NIV,H4116,14
KJV,H5800,14
ESV,H123,14
NLT,H899,14
KJV,H1254,14
NIV,H853,14
KJV,H7069,14
NLT,H1588,14
NIV,H157,14
KJV,H1588,14
NLT,H853,14
ESV,H3885,14
KJV,H7666,14
ESV,H2580,14
NIV,H8035,14
ESV,H157,14
KJV,H389,14
ESV,H8435,14
NLT,H5769,14
NIV,H123,14
ESV,H6471,14
KJV,H7227,14
NLT,H8435,14
KJV,H639,14
NIV,H3885,14
NIV,H2145,14
KJV,H7925,14
ESV,H1588,14
ESV,H5930,14
KJV,H5978,14
ESV,H853,14
NIV,H5769,14
KJV,H1589,14
KJV,H5221,14
NIV,H8435,14
NIV,H6471,14
NLT,H8035,14
KJV,H2145,14
KJV,H8035,14
ESV,H4116,14
KJV,H7323,14
NLT,H2145,14
KJV,H2580,14
NLT,H5930,14
NIV,H2580,14
NIV,H5930,14
NIV,H899,14
NLT,H3885,14
NLT,H2580,14
NLT,H4116,14
ESV,H2145,14
ESV,H899,14
NLT,H123,14
NLT,H157,14
ESV,H8035,14
ESV,H5769,14
NLT,H6471,14
ESV,H7592,13
KJV,H6711,13
NLT,H639,13
KJV,H3220,13
NIV,H6153,13
NIV,H5324,13
KJV,H7205,13
NIV,H2845,13
ESV,H2845,13
NLT,H2734,13
ESV,H3220,13
ESV,H7227,13
NIV,H8672,13
NLT,H410,13
NIV,H5265,13
KJV,H6485,13
NIV,H7205,13
NIV,H5162,13
ESV,H7489,13
KJV,H2845,13
KJV,H5104,13
ESV,H639,13
ESV,H6711,13
NLT,H7227,13
NLT,H7205,13
KJV,H644,13
ESV,H7272,13
NLT,H6153,13
ESV,H5608,13
NLT,H389,13
ESV,H7534,13
NLT,H7534,13
KJV,H8435,13
KJV,H123,13
NLT,H5324,13
ESV,H4196,13
NIV,H410,13
KJV,H7399,13
ESV,H7122,13
ESV,H8672,13
NIV,H7272,13
ESV,H5162,13
NLT,H7489,13
NLT,H3220,13
ESV,H905,13
NIV,H5608,13
NLT,H5162,13
NIV,H7489,13
NLT,H8672,13
NIV,H905,13
NIV,H3220,13
NIV,H6711,13
KJV,H6153,13
ESV,H410,13
ESV,H6153,13
ESV,H2734,13
NLT,H5608,13
KJV,H5769,13
NLT,H7592,13
NIV,H639,13
NIV,H7592,13
NLT,H7122,13
NIV,H4196,13
NLT,H4196,13
NIV,H7122,13
KJV,H5401,13
NIV,H7534,13
ESV,H5324,13
NLT,H6711,13
ESV,H7205,13
KJV,H8145,13
NIV,H389,13
KJV,H4196,13
NLT,H7272,13
NLT,H2845,13
NIV,H7227,13
NLT,H905,13
ESV,H5265,13
NIV,H2734,13
ESV,H389,13
KJV,H5234,13
NLT,H5265,13
NLT,H6242,12
NIV,H4592,12
NIV,H6085,12
KJV,H4940,12
NLT,H5668,12
KJV,H6607,12
NLT,H4592,12
NIV,H2005,12
KJV,H1904,12
NLT,H1008,12
ESV,H6085,12
KJV,H194,12
ESV,H1904,12
NLT,H2005,12
NIV,H1904,12
NIV,H7069,12
NIV,H1931,12
NIV,H4945,12
ESV,H4592,12
NIV,H4940,12
NIV,H194,12
NLT,H4303,12
KJV,H6924,12
KJV,H6662,12
NLT,H194,12
NLT,H1931,12
ESV,H6242,12
ESV,H2005,12
NLT,H1904,12
NIV,H2962,12
NIV,H4503,12
ESV,H4503,12
NLT,H6085,12
NLT,H4503,12
NIV,H1589,12
ESV,H2962,12
NLT,H5401,12
KJV,H6605,12
KJV,H4758,12
KJV,H6256,12
ESV,H3541,12
ESV,H1931,12
NIV,H5668,12
NLT,H6718,12
ESV,H3999,12
ESV,H1589,12
KJV,H6085,12
NIV,H6242,12
KJV,H2351,12
ESV,H5401,12
KJV,H3999,12
NIV,H4303,12
NLT,H4945,12
ESV,H6718,12
KJV,H6242,12
NLT,H5221,12
NLT,H3541,12
ESV,H4940,12
ESV,H4303,12
ESV,H4945,12
NLT,H7069,12
NIV,H3999,12
ESV,H7069,12
NIV,H6510,12
KJV,H4503,12
ESV,H5221,12
NLT,H6924,12
NLT,H2962,12
NIV,H1008,12
NIV,H5401,12
NLT,H1589,12
ESV,H6924,12
NLT,H4940,12
NIV,H3541,12
ESV,H5668,12
KJV,H1818,12
NLT,H6510,12
NIV,H6718,12
NIV,H5221,12
NLT,H3999,12
ESV,H194,12
ESV,H1008,12
ESV,H6510,12
NIV,H6924,12
ESV,H669,11
NLT,H5186,11
ESV,H2585,11
KJV,H2544,11
NIV,H5234,11
KJV,H7125,11
NLT,H4676,11
NLT,H5800,11
NLT,H4713,11
NLT,H2398,11
NIV,H3225,11
KJV,H5162,11
ESV,H2617,11
NLT,H2351,11
ESV,H1254,11
KJV,H7307,11
NIV,H5186,11
ESV,H2205,11
ESV,H7399,11
NIV,H3820,11
NIV,H3669,11
NIV,H2205,11
NIV,H7307,11
ESV,H1818,11
KJV,H3885,11
ESV,H6607,11
NLT,H4519,11
KJV,H3669,11
ESV,H7307,11
NLT,H2544,11
ESV,H7223,11
NLT,H8083,11
NIV,H7399,11
ESV,H7323,11
NLT,H4631,11
ESV,H3669,11
NIV,H7223,11
NIV,H884,11
NIV,H5800,11
ESV,H2351,11
NLT,H2585,11
ESV,H6307,11
NIV,H7323,11
ESV,H4519,11
NLT,H7399,11
NLT,H2205,11
ESV,H7641,11
NIV,H2585,11
NLT,H5234,11
NLT,H2320,11
NIV,H2617,11
KJV,H3680,11
NIV,H2544,11
NLT,H7323,11
NLT,H7223,11
ESV,H3225,11
NIV,H7641,11
NLT,H1818,11
ESV,H2544,11
NLT,H6307,11
KJV,H272,11
ESV,H4713,11
ESV,H5800,11
ESV,H4676,11
ESV,H8083,11
KJV,H6622,11
NIV,H2398,11
NIV,H4631,11
NIV,H4676,11
KJV,H669,11
NIV,H4713,11
NIV,H2351,11
KJV,H6504,11
NIV,H1818,11
ESV,H2398,11
NIV,H1254,11
NLT,H884,11
KJV,H4592,11
KJV,H4519,11
KJV,H4631,11
ESV,H884,11
NLT,H1254,11
ESV,H5186,11
KJV,H5795,11
ESV,H5234,11
KJV,H3409,11
KJV,H631,11
NIV,H6307,11
NLT,H669,11
NLT,H3669,11
NLT,H7641,11
NLT,H3820,11
NLT,H6607,11
NIV,H6607,11
NIV,H4519,11
NLT,H3225,11
KJV,H2572,11
NIV,H669,11
NLT,H7307,11
ESV,H3820,11
KJV,H2585,11
NIV,H8083,11
KJV,H2617,11
ESV,H4631,11
NIV,H2320,11
NLT,H2617,11
ESV,H2320,11
NIV,H4376,10
NLT,H7430,10
NIV,H1657,10
NLT,H1423,10
KJV,H3772,10
NLT,H3196,10
NIV,H1478,10
KJV,H7535,10
KJV,H7579,10
NLT,H3929,10
KJV,H1755,10
ESV,H1478,10
ESV,H3929,10
ESV,H3196,10
KJV,H6471,10
NLT,H1657,10
ESV,H6662,10
KJV,H1115,10
NLT,H3772,10
KJV,H8095,10
KJV,H7223,10
KJV,H2962,10
KJV,H4264,10
KJV,H3929,10
NIV,H7872,10
NLT,H3423,10
KJV,H6106,10
NLT,H4376,10
KJV,H5739,10
NIV,H3929,10
KJV,H4376,10
NIV,H6662,10
NLT,H6662,10
KJV,H7430,10
KJV,H7431,10
ESV,H4376,10
KJV,H1657,10
ESV,H6106,10
NIV,H3196,10
ESV,H3772,10
NLT,H7872,10
NIV,H2142,10
KJV,H7647,10
ESV,H2142,10
KJV,H2490,10
NIV,H3423,10
ESV,H7430,10
NIV,H6106,10
NIV,H7430,10
NIV,H1423,10
ESV,H8095,10
ESV,H3423,10
NLT,H2142,10
KJV,H8193,10
NLT,H6106,10
KJV,H1272,10
KJV,H4471,10
NLT,H1478,10
KJV,H5060,10
KJV,H6743,10
NLT,H4471,10
ESV,H4471,10
NLT,H8095,10
NIV,H8095,10
ESV,H1423,10
NIV,H4471,10
NIV,H3772,10
KJV,H3196,10
ESV,H1657,10
KJV,H3541,10
ESV,H7872,10
KJV,H1481,10
KJV,H1090,9
ESV,H779,9
KJV,H4138,9
NLT,H953,9
NLT,H413,9
ESV,H7579,9
NIV,H2526,9
NLT,H2850,9
ESV,H3315,9
NLT,H4138,9
NIV,H8165,9
NIV,H272,9
NIV,H6529,9
KJV,H2205,9
NLT,H3409,9
NIV,H2091,9
NIV,H6034,9
ESV,H7549,9
ESV,H136,9
ESV,H953,9
ESV,H7992,9
NLT,H3537,9
ESV,H8646,9
ESV,H7126,9
NLT,H2572,9
NIV,H5945,9
NLT,H5104,9
NLT,H8646,9
NLT,H3515,9
NIV,H644,9
ESV,H3537,9
ESV,H8165,9
NIV,H5739,9
NIV,H6605,9
KJV,H3709,9
NLT,H2526,9
NLT,H4910,9
NLT,H272,9
NIV,H8179,9
KJV,H1478,9
NIV,H6017,9
NLT,H3315,9
KJV,H6529,9
KJV,H3801,9
NIV,H6622,9
NIV,H2850,9
NIV,H2204,9
NIV,H2572,9
KJV,H2091,9
ESV,H8179,9
ESV,H2204,9
ESV,H2572,9
KJV,H6034,9
KJV,H6083,9
KJV,H3627,9
NLT,H3709,9
ESV,H8027,9
NLT,H3627,9
NLT,H3211,9
KJV,H6327,9
ESV,H1328,9
ESV,H2526,9
NIV,H6083,9
KJV,H1328,9
NIV,H6256,9
NIV,H8646,9
ESV,H3409,9
ESV,H3515,9
ESV,H2850,9
NLT,H3801,9
KJV,H6017,9
NIV,H7126,9
KJV,H5348,9
ESV,H1272,9
ESV,H3211,9
KJV,H519,9
KJV,H5291,9
KJV,H2398,9
ESV,H3709,9
NLT,H6529,9
KJV,H2850,9
KJV,H779,9
ESV,H644,9
ESV,H1481,9
NLT,H6605,9
NLT,H2091,9
NLT,H6622,9
NLT,H1090,9
ESV,H5437,9
NLT,H779,9
NIV,H3315,9
ESV,H6529,9
KJV,H8646,9
ESV,H5348,9
NLT,H6017,9
NIV,H4138,9
KJV,H7657,9
NLT,H2204,9
NIV,H8027,9
NIV,H779,9
ESV,H6605,9
KJV,H4676,9
NIV,H413,9
ESV,H6622,9
NLT,H5437,9
KJV,H883,9
NIV,H3515,9
KJV,H3537,9
NLT,H644,9
KJV,H2526,9
ESV,H5945,9
ESV,H6083,9
NLT,H7992,9
NLT,H5945,9
ESV,H6034,9
ESV,H6017,9
ESV,H1090,9
NLT,H6034,9
KJV,H3515,9
KJV,H2658,9
ESV,H2091,9
NLT,H6083,9
ESV,H3801,9
NLT,H8027,9
KJV,H7992,9
NLT,H5739,9
KJV,H8165,9
KJV,H8179,9
NIV,H7549,9
NIV,H3409,9
NIV,H7579,9
NLT,H6256,9
KJV,H8337,9
KJV,H8346,9
KJV,H7931,9
ESV,H6256,9
ESV,H5739,9
NIV,H5104,9
KJV,H4910,9
KJV,H953,9
NIV,H4910,9
NLT,H136,9
KJV,H3303,9
NIV,H1328,9
NLT,H7126,9
NLT,H1481,9
KJV,H3364,9
NLT,H7579,9
NIV,H5437,9
NIV,H3709,9
NLT,H1328,9
NIV,H953,9
NIV,H3801,9
KJV,H5186,9
NLT,H8165,9
ESV,H413,9
NIV,H136,9
NLT,H5348,9
ESV,H4910,9
ESV,H4138,9
KJV,H3315,9
NIV,H1090,9
NIV,H5348,9
NLT,H8179,9
NIV,H3627,9
ESV,H5104,9
NIV,H1272,9
NIV,H1481,9
NIV,H7992,9
ESV,H272,9
NLT,H7549,9
ESV,H3627,9
NIV,H3537,9
NLT,H1272,9
KJV,H7549,9
NIV,H3211,9
NLT,H3974,8
ESV,H5711,8
NLT,H631,8
NIV,H854,8
NIV,H8040,8
NLT,H3051,8
NIV,H6743,8
NIV,H2658,8
NIV,H7931,8
KJV,H6010,8
NIV,H6430,8
ESV,H8040,8
NLT,H7931,8
NIV,H3680,8
NIV,H8193,8
NLT,H4264,8
KJV,H136,8
NIV,H6677,8
ESV,H7896,8
KJV,H1396,8
KJV,H1893,8
NIV,H4736,8
ESV,H4264,8
NLT,H1893,8
NIV,H1893,8
KJV,H3225,8
ESV,H7931,8
NIV,H8346,8
NLT,H2658,8
NLT,H7896,8
KJV,H6677,8
ESV,H2658,8
NLT,H1783,8
NLT,H6504,8
ESV,H8193,8
KJV,H1783,8
NIV,H6913,8
NIV,H7896,8
KJV,H3051,8
ESV,H2208,8
NIV,H6504,8
NLT,H7657,8
NIV,H631,8
ESV,H5291,8
NLT,H6743,8
ESV,H854,8
ESV,H5048,8
KJV,H1642,8
NIV,H8317,8
ESV,H5060,8
NLT,H6810,8
KJV,H2945,8
KJV,H5711,8
NLT,H6913,8
NLT,H121,8
ESV,H3051,8
NIV,H4033,8
NIV,H3974,8
NLT,H3680,8
NLT,H6677,8
ESV,H8317,8
NLT,H6430,8
NIV,H7657,8
ESV,H4736,8
ESV,H5595,8
ESV,H4033,8
NLT,H854,8
NIV,H1642,8
ESV,H2008,8
ESV,H1642,8
NIV,H121,8
ESV,H1783,8
ESV,H5470,8
ESV,H8346,8
KJV,H6430,8
NIV,H6810,8
ESV,H3974,8
NIV,H4264,8
NIV,H1783,8
NIV,H2490,8
NLT,H1642,8
ESV,H5337,8
NLT,H4033,8
NLT,H2208,8
NIV,H3051,8
KJV,H5470,8
NLT,H2490,8
ESV,H631,8
NLT,H4736,8
NIV,H5711,8
NLT,H8346,8
NLT,H8040,8
KJV,H5048,8
KJV,H2388,8
NLT,H5291,8
ESV,H7657,8
NIV,H5595,8
KJV,H6913,8
KJV,H7939,8
KJV,H7604,8
NLT,H5470,8
NLT,H8193,8
KJV,H7130,8
ESV,H6913,8
NLT,H8317,8
KJV,H5127,8
ESV,H6430,8
NLT,H5060,8
NLT,H5711,8
KJV,H7043,8
ESV,H6504,8
KJV,H241,8
ESV,H3680,8
NLT,H5595,8
NLT,H5048,8
ESV,H1893,8
KJV,H7896,8
NIV,H2008,8
ESV,H6677,8
NIV,H2208,8
KJV,H6810,8
NIV,H5470,8
KJV,H5337,8
ESV,H6810,8
ESV,H2490,8
NIV,H5337,8
NLT,H2008,8
ESV,H6743,8
NIV,H5291,8
NLT,H5337,8
NIV,H5060,8
ESV,H121,8
NIV,H5048,8
NLT,H7270,7
KJV,H7668,7
NLT,H7257,7
KJV,H7126,7
ESV,H2153,7
KJV,H6779,7
NLT,H464,7
NIV,H6820,7
KJV,H5677,7
NIV,H2153,7
NLT,H860,7
KJV,H2153,7
NLT,H2153,7
KJV,H7097,7
ESV,H8352,7
NIV,H2771,7
KJV,H7453,7
NIV,H3603,7
NIV,H5677,7
KJV,H1062,7
NLT,H8130,7
NIV,H519,7
NIV,H4194,7
ESV,H7453,7
KJV,H3198,7
NIV,H7921,7
ESV,H464,7
KJV,H4731,7
KJV,H6124,7
NIV,H1755,7
NLT,H2771,7
NIV,H173,7
NIV,H7852,7
ESV,H7257,7
NIV,H3198,7
NIV,H3303,7
KJV,H4375,7
KJV,H1568,7
NIV,H8130,7
ESV,H519,7
NLT,H1530,7
NLT,H7668,7
NIV,H4057,7
NIV,H7198,7
ESV,H4057,7
NIV,H3548,7
ESV,H5172,7
KJV,H6212,7
NLT,H7198,7
KJV,H4616,7
ESV,H5127,7
KJV,H464,7
ESV,H7198,7
ESV,H860,7
KJV,H7198,7
NIV,H6435,7
NLT,H4731,7
NLT,H3603,7
ESV,H2388,7
ESV,H6820,7
ESV,H5045,7
ESV,H4731,7
ESV,H4194,7
NLT,H6820,7
NLT,H5045,7
ESV,H7270,7
NLT,H3303,7
NIV,H571,7
KJV,H571,7
KJV,H3548,7
NLT,H3548,7
NIV,H1530,7
ESV,H1755,7
NIV,H5172,7
NIV,H8352,7
NLT,H6124,7
KJV,H8199,7
ESV,H3303,7
ESV,H7668,7
NIV,H464,7
NLT,H6172,7
KJV,H4057,7
KJV,H1851,7
KJV,H3603,7
NIV,H2388,7
NLT,H6212,7
NLT,H4435,7
KJV,H7311,7
ESV,H8071,7
NLT,H4057,7
NLT,H3198,7
KJV,H3498,7
NLT,H7921,7
NLT,H5172,7
ESV,H8337,7
KJV,H4033,7
NIV,H7257,7
NLT,H7939,7
ESV,H6212,7
NIV,H4731,7
KJV,H5930,7
NLT,H5973,7
ESV,H7852,7
KJV,H8130,7
NLT,H5127,7
NIV,H5973,7
KJV,H8071,7
ESV,H6124,7
KJV,H8040,7
NIV,H860,7
ESV,H6172,7
NIV,H5045,7
ESV,H7921,7
ESV,H5973,7
NLT,H4194,7
KJV,H2232,7
ESV,H7939,7
KJV,H6820,7
KJV,H5045,7
NIV,H8071,7
NLT,H7453,7
ESV,H1530,7
NLT,H8352,7
KJV,H1530,7
KJV,H8352,7
NLT,H1755,7
ESV,H2771,7
KJV,H7270,7
NIV,H7939,7
NLT,H6435,7
NIV,H6172,7
KJV,H2820,7
NIV,H5127,7
NLT,H173,7
KJV,H7872,7
NIV,H7668,7
NIV,H7453,7
KJV,H1736,7
ESV,H3198,7
NLT,H571,7
NIV,H6212,7
KJV,H6446,7
ESV,H6435,7
KJV,H173,7
ESV,H3548,7
NLT,H5677,7
NIV,H8337,7
KJV,H4194,7
NLT,H7852,7
KJV,H2771,7
ESV,H4435,7
KJV,H2008,7
ESV,H173,7
NLT,H2388,7
ESV,H3603,7
NIV,H6124,7
NIV,H4435,7
ESV,H571,7
ESV,H8130,7
NLT,H8337,7
NIV,H7270,7
ESV,H5677,7
NLT,H8071,7
NLT,H519,7
KJV,H4435,7
KJV,H227,6
NLT,H241,6
NLT,H226,6
NIV,H7311,6
KJV,H3162,6
KJV,H3179,6
NLT,H227,6
NIV,H7974,6
NLT,H1315,6
KJV,H3243,6
KJV,H583,6
NIV,H7291,6
NIV,H7926,6
KJV,H2204,6
NIV,H914,6
NLT,H1368,6
NLT,H1277,6
KJV,H3878,6
NIV,H7043,6
NLT,H2975,6
NIV,H6945,6
KJV,H567,6
NLT,H1062,6
NIV,H6921,6
NIV,H8655,6
KJV,H176,6
KJV,H1777,6
KJV,H5462,6
KJV,H2803,6
NLT,H176,6
NLT,H2039,6
NIV,H7647,6
KJV,H4303,6
NIV,H8121,6
NLT,H2719,6
KJV,H2719,6
ESV,H241,6
NLT,H1835,6
KJV,H226,6
KJV,H4929,6
KJV,H1835,6
NLT,H1851,6
KJV,H5595,6
NLT,H270,6
KJV,H352,6
NLT,H1875,6
NIV,H8199,6
ESV,H226,6
KJV,H5536,6
NLT,H2603,6
KJV,H4960,6
NIV,H7097,6
NIV,H7706,6
KJV,H2039,6
KJV,H2876,6
KJV,H5175,6
KJV,H5347,6
KJV,H5172,6
NLT,H2963,6
KJV,H3563,6
NLT,H2232,6
KJV,H216,6
KJV,H3644,6
KJV,H2975,6
KJV,H4639,6
KJV,H5731,6
NLT,H2921,6
KJV,H2963,6
NLT,H2898,6
NLT,H2889,6
NLT,H2876,6
NIV,H8673,6
ESV,H2232,6
ESV,H227,6
KJV,H4229,6
KJV,H3847,6
KJV,H5381,6
NIV,H8462,6
KJV,H2921,6
KJV,H5680,6
NIV,H7130,6
NIV,H775,6
KJV,H2889,6
NLT,H2752,6
NLT,H216,6
ESV,H2876,6
NIV,H570,6
ESV,H1277,6
KJV,H7153,6
ESV,H7311,6
NLT,H4929,6
ESV,H7291,6
NIV,H5680,6
NLT,H4959,6
ESV,H1835,6
ESV,H4375,6
NIV,H567,6
ESV,H7130,6
KJV,H7291,6
ESV,H7097,6
ESV,H2719,6
ESV,H7043,6
NIV,H1368,6
NLT,H5175,6
NLT,H7311,6
NIV,H1315,6
NLT,H7291,6
ESV,H6945,6
NIV,H3847,6
NIV,H1277,6
ESV,H6921,6
KJV,H7136,6
ESV,H4150,6
NLT,H7647,6
ESV,H7647,6
NLT,H7974,6
NLT,H4375,6
ESV,H775,6
ESV,H3847,6
NIV,H1875,6
ESV,H7706,6
NLT,H7926,6
ESV,H3878,6
NIV,H1851,6
NIV,H1835,6
ESV,H1851,6
ESV,H408,6
ESV,H2752,6
ESV,H216,6
NIV,H583,6
ESV,H3972,6
NIV,H176,6
NLT,H775,6
KJV,H7065,6
NIV,H5731,6
NLT,H7706,6
NIV,H3535,6
NIV,H3878,6
NLT,H7130,6
KJV,H7473,6
NIV,H4959,6
NLT,H5731,6
ESV,H176,6
KJV,H7921,6
KJV,H7926,6
ESV,H2603,6
NLT,H583,6
KJV,H7974,6
ESV,H6190,6
NIV,H4375,6
ESV,H567,6
ESV,H5680,6
ESV,H2039,6
NIV,H4929,6
NLT,H6010,6
KJV,H8121,6
ESV,H6031,6
ESV,H570,6
ESV,H6010,6
NLT,H6031,6
ESV,H5731,6
KJV,H8317,6
ESV,H583,6
NLT,H6649,6
NLT,H570,6
NLT,H7097,6
ESV,H270,6
ESV,H4929,6
NLT,H5347,6
NIV,H3972,6
ESV,H4959,6
NIV,H5347,6
NLT,H7043,6
ESV,H6649,6
NLT,H6945,6
NIV,H1062,6
NLT,H6921,6
ESV,H5175,6
ESV,H5347,6
NIV,H408,6
KJV,H7706,6
KJV,H914,6
KJV,H7716,6
KJV,H775,6
NLT,H567,6
NIV,H5175,6
KJV,H8673,6
NLT,H5680,6
NIV,H4150,6
NIV,H6010,6
NLT,H6190,6
ESV,H1368,6
NLT,H8655,6
NIV,H216,6
ESV,H1315,6
ESV,H3162,6
ESV,H3535,6
NIV,H2752,6
NLT,H3847,6
NLT,H3535,6
ESV,H8462,6
NIV,H6190,6
NIV,H2719,6
NLT,H8673,6
NLT,H3878,6
KJV,H6031,6
KJV,H121,6
NIV,H3162,6
NIV,H241,6
ESV,H8199,6
NIV,H227,6
ESV,H8655,6
NIV,H2963,6
NIV,H2975,6
NLT,H8462,6
ESV,H8673,6
NIV,H2898,6
NIV,H226,6
NIV,H2876,6
NIV,H2232,6
ESV,H914,6
NIV,H2889,6
KJV,H6190,6
KJV,H6319,6
KJV,H6172,6
KJV,H6491,6
NIV,H2921,6
ESV,H8121,6
ESV,H7974,6
ESV,H1875,6
NLT,H4150,6
NIV,H2603,6
KJV,H1277,6
KJV,H1315,6
ESV,H2889,6
NLT,H8199,6
KJV,H6555,6
NLT,H914,6
ESV,H2975,6
ESV,H2963,6
ESV,H2921,6
NLT,H3162,6
NIV,H2039,6
ESV,H2898,6
NLT,H8121,6
NIV,H270,6
NLT,H408,6
KJV,H6649,6
NIV,H6031,6
ESV,H7926,6
NLT,H3972,6
ESV,H1062,6
NIV,H6649,6
NIV,H4422,5
NIV,H4111,5
ESV,H520,5
NIV,H7604,5
NIV,H8242,5
NLT,H6915,5
NIV,H8552,5
ESV,H5117,5
NLT,H1556,5
NIV,H1067,5
NIV,H3978,5
NIV,H1106,5
NLT,H7018,5
ESV,H4968,5
NIV,H4616,5
ESV,H4960,5
NLT,H6779,5
NLT,H8552,5
NLT,H6754,5
NLT,H6327,5
NLT,H1736,5
KJV,H8415,5
NLT,H6437,5
NIV,H4399,5
KJV,H3972,5
NLT,H6555,5
NIV,H8334,5
KJV,H3974,5
ESV,H5503,5
NLT,H637,5
NIV,H4305,5
ESV,H1736,5
NLT,H1692,5
NIV,H761,5
KJV,H4736,5
ESV,H3123,5
NLT,H6623,5
KJV,H8552,5
KJV,H8559,5
KJV,H3836,5
NLT,H8559,5
ESV,H1556,5
NIV,H2803,5
NLT,H6389,5
NIV,H8259,5
KJV,H3775,5
NIV,H3364,5
KJV,H4111,5
NIV,H8559,5
NLT,H1245,5
KJV,H3383,5
KJV,H3382,5
ESV,H1992,5
NIV,H1692,5
NLT,H3123,5
NIV,H3540,5
ESV,H4111,5
NLT,H1250,5
ESV,H3556,5
ESV,H3563,5
NIV,H209,5
KJV,H3335,5
NIV,H3556,5
NIV,H3563,5
KJV,H3322,5
NLT,H761,5
NIV,H352,5
NLT,H8242,5
NIV,H1736,5
NIV,H3498,5
NIV,H3383,5
KJV,H3513,5
NIV,H8084,5
NIV,H1992,5
NLT,H8084,5
NLT,H7956,5
KJV,H3540,5
ESV,H1067,5
KJV,H4305,5
KJV,H3556,5
KJV,H3557,5
NLT,H1067,5
NLT,H1106,5
ESV,H3978,5
ESV,H2803,5
NLT,H7604,5
KJV,H4399,5
NIV,H2345,5
NLT,H7230,5
NLT,H8334,5
ESV,H4616,5
ESV,H4639,5
NLT,H1396,5
ESV,H3383,5
ESV,H3382,5
NIV,H3382,5
ESV,H2275,5
NLT,H8259,5
NIV,H1250,5
NIV,H1245,5
ESV,H3364,5
KJV,H3123,5
NLT,H7136,5
NIV,H2275,5
ESV,H2345,5
NIV,H2226,5
NLT,H1375,5
NIV,H3123,5
KJV,H3211,5
NIV,H1556,5
KJV,H4150,5
ESV,H3540,5
ESV,H4305,5
NLT,H7467,5
KJV,H4422,5
ESV,H352,5
ESV,H4399,5
NLT,H7408,5
ESV,H4422,5
ESV,H3498,5
NIV,H7956,5
NLT,H7364,5
NIV,H1396,5
NIV,H1375,5
ESV,H1106,5
KJV,H1375,5
KJV,H8242,5
KJV,H2015,5
ESV,H2226,5
NIV,H7136,5
ESV,H7408,5
NLT,H4639,5
KJV,H5437,5
NLT,H4616,5
KJV,H7093,5
ESV,H7467,5
KJV,H7018,5
ESV,H7604,5
KJV,H5387,5
ESV,H761,5
NLT,H4422,5
KJV,H5503,5
NLT,H4399,5
KJV,H6818,5
KJV,H681,5
NLT,H4305,5
KJV,H6754,5
ESV,H7956,5
NLT,H6147,5
ESV,H1250,5
KJV,H1875,5
NLT,H5117,5
NLT,H520,5
ESV,H1692,5
NLT,H2345,5
KJV,H2275,5
KJV,H7378,5
KJV,H7364,5
ESV,H7018,5
NIV,H5503,5
KJV,H2244,5
KJV,H2226,5
ESV,H7364,5
NIV,H7230,5
ESV,H7136,5
KJV,H7257,5
KJV,H7230,5
NLT,H4968,5
ESV,H7230,5
NLT,H4960,5
ESV,H1245,5
KJV,H209,5
NIV,H7018,5
NLT,H4111,5
KJV,H7408,5
KJV,H6087,5
KJV,H1580,5
NIV,H6437,5
KJV,H6147,5
NLT,H3383,5
NLT,H3382,5
NLT,H3364,5
KJV,H6119,5
KJV,H1067,5
NIV,H6555,5
KJV,H1106,5
NLT,H352,5
NIV,H6779,5
ESV,H1375,5
NIV,H6754,5
KJV,H1245,5
KJV,H1250,5
NIV,H6623,5
KJV,H1423,5
ESV,H1396,5
KJV,H5945,5
NLT,H3498,5
NLT,H3540,5
KJV,H6623,5
NIV,H6915,5
ESV,H8084,5
NLT,H3978,5
NIV,H6147,5
ESV,H8242,5
ESV,H8259,5
ESV,H8334,5
KJV,H6437,5
KJV,H6419,5
KJV,H6389,5
KJV,H637,5
NLT,H3556,5
KJV,H1692,5
KJV,H167,5
NLT,H2803,5
NIV,H6327,5
NLT,H3563,5
ESV,H8552,5
ESV,H8559,5
NIV,H637,5
NIV,H6389,5
ESV,H6915,5
NIV,H4639,5
KJV,H8084,5
ESV,H6754,5
NLT,H209,5
KJV,H761,5
NIV,H520,5
KJV,H7708,5
KJV,H4959,5
ESV,H209,5
KJV,H5141,5
NLT,H2226,5
KJV,H2403,5
NIV,H4968,5
ESV,H6623,5
KJV,H4968,5
KJV,H2590,5
NIV,H7467,5
NLT,H5503,5
ESV,H6147,5
NLT,H1992,5
NIV,H4960,5
NIV,H7364,5
ESV,H6437,5
ESV,H6555,5
ESV,H6779,5
ESV,H637,5
ESV,H6327,5
KJV,H7467,5
NLT,H2275,5
ESV,H6389,5
NIV,H5117,5
KJV,H5193,5
KJV,H520,5
KJV,H7956,5
NIV,H7408,5
NIV,H2074,4
NIV,H5141,4
KJV,H411,4
KJV,H7852,4
ESV,H1777,4
NIV,H2341,4
KJV,H5707,4
NIV,H3243,4
NIV,H6119,4
NIV,H4411,4
KJV,H8423,4
KJV,H5699,4
KJV,H804,4
NIV,H6260,4
NIV,H436,4
ESV,H1637,4
NIV,H5090,4
KJV,H7911,4
NIV,H6370,4
KJV,H7993,4
NIV,H8152,4
KJV,H6370,4
NIV,H8159,4
KJV,H8462,4
KJV,H6293,4
KJV,H6279,4
NIV,H8163,4
NIV,H6900,4
NIV,H2181,4
NIV,H3877,4
KJV,H5027,4
NIV,H7466,4
NIV,H2513,4
KJV,H6051,4
KJV,H8152,4
NIV,H4554,4
KJV,H3978,4
KJV,H6040,4
KJV,H60,4
ESV,H2341,4
KJV,H8159,4
NIV,H7585,4
NIV,H2555,4
KJV,H8286,4
KJV,H8210,4
KJV,H4941,4
NIV,H6635,4
NIV,H672,4
KJV,H4932,4
KJV,H8259,4
NIV,H260,4
KJV,H3985,4
NIV,H2498,4
KJV,H836,4
KJV,H5771,4
ESV,H2181,4
NIV,H2015,4
NIV,H2403,4
KJV,H485,4
NIV,H7637,4
NIV,H7617,4
NIV,H2822,4
NIV,H2820,4
NIV,H485,4
ESV,H2074,4
KJV,H402,4
NIV,H2790,4
NIV,H8286,4
KJV,H8389,4
NIV,H2450,4
KJV,H6113,4
NIV,H681,4
NIV,H2486,4
KJV,H5631,4
NIV,H4229,4
ESV,H1568,4
NIV,H6951,4
NIV,H1568,4
NIV,H3618,4
NIV,H1580,4
KJV,H7194,4
KJV,H7167,4
NIV,H3568,4
NIV,H5707,4
NIV,H7194,4
KJV,H7141,4
NIV,H3559,4
NIV,H1637,4
NIV,H7185,4
KJV,H7626,4
NIV,H402,4
KJV,H7637,4
KJV,H4392,4
NIV,H167,4
NIV,H7141,4
KJV,H7122,4
NIV,H5699,4
KJV,H4554,4
KJV,H7585,4
NIV,H3816,4
KJV,H5236,4
NIV,H3836,4
NIV,H5387,4
NIV,H5381,4
KJV,H7381,4
KJV,H7466,4
NIV,H5462,4
NIV,H7937,4
NIV,H1167,4
NIV,H5321,4
NIV,H5536,4
NIV,H3775,4
ESV,H2015,4
NIV,H1410,4
KJV,H7495,4
NIV,H5631,4
NIV,H1115,4
KJV,H5321,4
KJV,H7105,4
NIV,H784,4
NIV,H5236,4
NIV,H335,4
KJV,H6915,4
KJV,H6900,4
NIV,H7065,4
KJV,H6817,4
NIV,H60,4
KJV,H672,4
KJV,H860,4
NIV,H3351,4
NIV,H3322,4
NIV,H3459,4
KJV,H7392,4
NIV,H7716,4
NIV,H6040,4
KJV,H423,4
NIV,H6051,4
KJV,H6635,4
KJV,H784,4
KJV,H8582,4
NIV,H7381,4
NIV,H804,4
NIV,H7358,4
NIV,H1777,4
KJV,H7673,4
NIV,H7993,4
NIV,H3530,4
KJV,H7070,4
KJV,H990,4
KJV,H436,4
ESV,H167,4
NIV,H5771,4
NIV,H7378,4
NIV,H7093,4
NIV,H5219,4
ESV,H1787,4
ESV,H1580,4
NIV,H1787,4
NIV,H349,4
NIV,H411,4
NIV,H3485,4
KJV,H6951,4
KJV,H539,4
NIV,H2590,4
NIV,H836,4
ESV,H7993,4
NLT,H411,4
ESV,H804,4
NLT,H402,4
ESV,H8152,4
ESV,H8159,4
ESV,H8163,4
ESV,H8286,4
NLT,H3877,4
NLT,H3836,4
ESV,H836,4
NLT,H3816,4
NLT,H3775,4
ESV,H8415,4
ESV,H8495,4
NLT,H3618,4
NLT,H3568,4
NLT,H3559,4
ESV,H8639,4
NLT,H3530,4
NLT,H349,4
NLT,H3485,4
ESV,H2555,4
ESV,H7937,4
ESV,H990,4
NLT,H4229,4
ESV,H6951,4
ESV,H2590,4
NLT,H5141,4
ESV,H7065,4
ESV,H7093,4
NLT,H5090,4
ESV,H7141,4
ESV,H7185,4
ESV,H7194,4
ESV,H7358,4
ESV,H7378,4
ESV,H7381,4
ESV,H7466,4
NLT,H4554,4
ESV,H7585,4
ESV,H7617,4
ESV,H7637,4
NLT,H4411,4
ESV,H7716,4
NLT,H436,4
ESV,H784,4
NLT,H3459,4
KJV,H1035,4
KJV,H270,4
NLT,H2555,4
ESV,H2486,4
NLT,H2513,4
KJV,H2074,4
NLT,H2498,4
NLT,H2486,4
NLT,H2450,4
KJV,H2181,4
NLT,H2403,4
KJV,H2208,4
KJV,H225,4
NLT,H2341,4
KJV,H2341,4
KJV,H2345,4
NLT,H2181,4
KJV,H2486,4
KJV,H2498,4
NLT,H2074,4
NLT,H2015,4
KJV,H2555,4
ESV,H2450,4
KJV,H2603,4
KJV,H2007,4
NLT,H2590,4
NLT,H3351,4
NLT,H260,4
NLT,H335,4
NLT,H3322,4
KJV,H1101,4
KJV,H1104,4
KJV,H1167,4
KJV,H1177,4
NLT,H3243,4
ESV,H2513,4
KJV,H1368,4
KJV,H14,4
KJV,H1410,4
ESV,H1410,4
KJV,H1556,4
KJV,H1558,4
KJV,H1644,4
NLT,H2822,4
NLT,H2820,4
NLT,H2790,4
ESV,H2498,4
KJV,H1789,4
KJV,H1817,4
NLT,H5219,4
ESV,H6900,4
NLT,H5236,4
NLT,H804,4
ESV,H3816,4
NLT,H7993,4
ESV,H3836,4
NLT,H7937,4
ESV,H3877,4
NLT,H784,4
ESV,H402,4
NLT,H7716,4
ESV,H411,4
NLT,H7637,4
NLT,H7617,4
ESV,H4229,4
NLT,H7585,4
NLT,H7466,4
ESV,H436,4
ESV,H4411,4
NLT,H7381,4
NLT,H7378,4
NLT,H7358,4
ESV,H4554,4
ESV,H1115,4
ESV,H3775,4
NLT,H8152,4
ESV,H681,4
NLT,H8159,4
NLT,H990,4
NLT,H8639,4
ESV,H3243,4
NLT,H8495,4
ESV,H3322,4
NLT,H8415,4
ESV,H335,4
ESV,H3351,4
NLT,H836,4
ESV,H2822,4
ESV,H3459,4
ESV,H2820,4
ESV,H3485,4
ESV,H349,4
NLT,H8286,4
ESV,H3530,4
ESV,H3559,4
ESV,H3568,4
ESV,H3618,4
ESV,H2790,4
NLT,H8163,4
NLT,H7194,4
ESV,H485,4
NLT,H7185,4
NLT,H7141,4
NLT,H6040,4
ESV,H60,4
ESV,H6040,4
ESV,H6051,4
NLT,H60,4
ESV,H6119,4
ESV,H1167,4
ESV,H6260,4
NLT,H5771,4
ESV,H6370,4
NLT,H5707,4
NLT,H5699,4
NLT,H5631,4
ESV,H260,4
NLT,H5536,4
NLT,H5462,4
ESV,H6635,4
NLT,H5387,4
ESV,H672,4
NLT,H5381,4
NLT,H5321,4
NLT,H6051,4
NLT,H6119,4
ESV,H5771,4
NLT,H672,4
NLT,H7093,4
NLT,H7065,4
NLT,H6951,4
ESV,H5090,4
ESV,H5141,4
NLT,H6900,4
ESV,H5219,4
ESV,H5236,4
NLT,H681,4
ESV,H5321,4
NLT,H6260,4
ESV,H5381,4
ESV,H5387,4
NLT,H6635,4
ESV,H5462,4
ESV,H5536,4
ESV,H5631,4
NLT,H6370,4
ESV,H5699,4
ESV,H5707,4
KJV,H2637,4
NLT,H485,4
NLT,H1580,4
NIV,H8639,4
NLT,H167,4
KJV,H3240,4
KJV,H349,4
NLT,H1637,4
NLT,H1167,4
KJV,H3485,4
NIV,H990,4
KJV,H3816,4
KJV,H3877,4
KJV,H346,4
KJV,H3618,4
NLT,H1568,4
KJV,H3459,4
KJV,H3568,4
KJV,H3863,4
KJV,H2898,4
KJV,H2822,4
NLT,H1777,4
NLT,H1410,4
ESV,H2403,4
NIV,H8495,4
NLT,H1787,4
NIV,H8415,4
NLT,H1115,4
KJV,H2752,4
ESV,H6311,3
ESV,H6319,3
NLT,H575,3
NLT,H5726,3
ESV,H6369,3
KJV,H4296,3
KJV,H7837,3
KJV,H7919,3
ESV,H6293,3
KJV,H7793,3
NLT,H5780,3
NIV,H5158,3
KJV,H2706,3
ESV,H6419,3
NLT,H5439,3
ESV,H6672,3
ESV,H6666,3
NLT,H539,3
KJV,H7613,3
KJV,H7614,3
KJV,H7617,3
KJV,H7621,3
ESV,H1234,3
ESV,H6636,3
ESV,H6588,3
ESV,H6446,3
ESV,H6557,3
ESV,H6522,3
KJV,H7710,3
ESV,H6237,3
ESV,H6491,3
KJV,H7732,3
NIV,H5193,3
ESV,H6484,3
ESV,H645,3
ESV,H6275,3
KJV,H8027,3
ESV,H2637,3
KJV,H8268,3
NLT,H611,3
ESV,H1719,3
NLT,H6113,3
ESV,H5903,3
NLT,H6135,3
ESV,H5895,3
NLT,H6148,3
NLT,H6162,3
ESV,H5867,3
NLT,H621,3
NIV,H4605,3
NLT,H6087,3
NLT,H6237,3
ESV,H5780,3
KJV,H8299,3
KJV,H3535,3
NLT,H6275,3
ESV,H575,3
NLT,H6293,3
ESV,H5726,3
NLT,H6311,3
NLT,H6319,3
NLT,H6093,3
KJV,H8163,3
ESV,H621,3
NIV,H4948,3
NLT,H5867,3
KJV,H8003,3
NLT,H5895,3
NLT,H5903,3
KJV,H7586,3
NIV,H5032,3
ESV,H6162,3
NIV,H5027,3
ESV,H6148,3
ESV,H6135,3
NIV,H4941,3
KJV,H3519,3
ESV,H6113,3
ESV,H611,3
NIV,H4932,3
ESV,H6093,3
ESV,H2308,3
ESV,H6087,3
NIV,H4909,3
NLT,H6025,3
NIV,H4758,3
ESV,H6025,3
ESV,H6679,3
ESV,H6721,3
ESV,H6714,3
ESV,H1494,3
NLT,H1366,3
NIV,H5867,3
KJV,H6946,3
KJV,H6948,3
KJV,H6960,3
ESV,H7626,3
ESV,H7614,3
ESV,H126,3
NIV,H5780,3
ESV,H7586,3
ESV,H758,3
ESV,H1497,3
ESV,H7563,3
NIV,H575,3
ESV,H7495,3
KJV,H7073,3
KJV,H7075,3
NLT,H4605,3
ESV,H7392,3
KJV,H7107,3
NIV,H5726,3
ESV,H7390,3
KJV,H6921,3
NIV,H5895,3
ESV,H7673,3
KJV,H6908,3
KJV,H6714,3
ESV,H7911,3
KJV,H6720,3
KJV,H6721,3
KJV,H6741,3
NLT,H423,3
NIV,H6025,3
NLT,H1404,3
KJV,H6781,3
ESV,H7837,3
NLT,H4296,3
ESV,H7793,3
KJV,H6809,3
NLT,H4392,3
ESV,H7732,3
ESV,H7710,3
ESV,H7708,3
ESV,H2573,3
KJV,H6869,3
KJV,H687,3
NIV,H5903,3
NLT,H1290,3
KJV,H3281,3
KJV,H7563,3
ESV,H687,3
KJV,H7358,3
NLT,H5158,3
ESV,H6960,3
NIV,H5439,3
ESV,H6946,3
NLT,H5193,3
KJV,H7390,3
ESV,H6908,3
NIV,H539,3
NIV,H8003,3
ESV,H6869,3
NLT,H4758,3
NIV,H5358,3
ESV,H6818,3
ESV,H6817,3
ESV,H6809,3
ESV,H6781,3
NLT,H5358,3
ESV,H6741,3
NLT,H6419,3
KJV,H7534,3
NLT,H1107,3
KJV,H7356,3
NLT,H1234,3
KJV,H7344,3
KJV,H3355,3
ESV,H7344,3
KJV,H7185,3
NLT,H4909,3
NLT,H4932,3
NLT,H4941,3
ESV,H7243,3
ESV,H215,3
NLT,H4948,3
ESV,H7225,3
KJV,H7225,3
NLT,H5027,3
NLT,H5032,3
KJV,H329,3
ESV,H7167,3
KJV,H7243,3
NLT,H126,3
ESV,H7105,3
KJV,H335,3
KJV,H7306,3
ESV,H7075,3
ESV,H7073,3
NLT,H6369,3
KJV,H356,3
KJV,H3559,3
NIV,H8492,3
NLT,H7911,3
ESV,H3870,3
KJV,H3778,3
NIV,H8518,3
NLT,H8003,3
ESV,H3778,3
KJV,H3824,3
NIV,H3355,3
NIV,H3335,3
NIV,H3281,3
NIV,H8487,3
NIV,H3462,3
ESV,H3644,3
NIV,H2030,3
NIV,H3266,3
NIV,H204,3
NLT,H8210,3
ESV,H3581,3
NIV,H322,3
ESV,H356,3
ESV,H3557,3
ESV,H3519,3
NIV,H346,3
NLT,H7837,3
NLT,H6446,3
NLT,H7708,3
NLT,H7614,3
NIV,H3557,3
NIV,H8553,3
ESV,H4186,3
NIV,H1644,3
NLT,H7626,3
ESV,H4124,3
ESV,H2344,3
ESV,H4080,3
NLT,H7673,3
NIV,H3519,3
NIV,H1823,3
NLT,H7710,3
NIV,H3513,3
NIV,H1719,3
NLT,H7732,3
ESV,H3985,3
NLT,H7793,3
NIV,H1789,3
ESV,H3956,3
NIV,H1817,3
NIV,H182,3
ESV,H3513,3
NIV,H215,3
NIV,H3179,3
NIV,H2505,3
NIV,H2860,3
NLT,H8518,3
ESV,H322,3
NLT,H8553,3
NLT,H8555,3
ESV,H3179,3
NIV,H2459,3
ESV,H3173,3
NLT,H8582,3
ESV,H3103,3
NIV,H2506,3
NIV,H3173,3
ESV,H309,3
ESV,H2860,3
ESV,H1558,3
NIV,H2706,3
NLT,H883,3
NIV,H2549,3
ESV,H2992,3
ESV,H2930,3
NIV,H2637,3
NIV,H2573,3
ESV,H3266,3
NLT,H8492,3
ESV,H3281,3
NLT,H8487,3
NIV,H218,3
NIV,H8318,3
ESV,H2340,3
ESV,H3462,3
ESV,H346,3
NLT,H8318,3
NIV,H3103,3
NIV,H309,3
KJV,H3956,3
NIV,H2244,3
NIV,H225,3
KJV,H3950,3
NIV,H2263,3
NIV,H2308,3
NIV,H2992,3
ESV,H3355,3
NIV,H2340,3
NIV,H2344,3
ESV,H3335,3
NIV,H2930,3
KJV,H3870,3
NIV,H356,3
NIV,H8210,3
NIV,H3581,3
NLT,H6818,3
KJV,H8655,3
KJV,H4186,3
NLT,H6714,3
KJV,H3607,3
NLT,H6721,3
NLT,H6741,3
NLT,H6781,3
NIV,H4124,3
NLT,H6809,3
NLT,H6817,3
ESV,H2030,3
ESV,H5032,3
NLT,H6869,3
NIV,H4080,3
NLT,H687,3
KJV,H974,3
KJV,H977,3
ESV,H5193,3
NLT,H6908,3
ESV,H5158,3
NIV,H883,3
NLT,H6946,3
NLT,H6679,3
NIV,H4186,3
NLT,H6672,3
ESV,H5358,3
NLT,H645,3
NIV,H4392,3
NLT,H6484,3
NLT,H6491,3
NLT,H4186,3
NLT,H6522,3
NLT,H6557,3
KJV,H8487,3
KJV,H8495,3
NLT,H6588,3
KJV,H8518,3
NIV,H4296,3
ESV,H204,3
ESV,H5439,3
NLT,H6636,3
KJV,H8553,3
KJV,H8555,3
ESV,H539,3
KJV,H3581,3
NIV,H423,3
NLT,H6666,3
NLT,H6960,3
ESV,H5027,3
NIV,H1612,3
NIV,H1494,3
NIV,H3778,3
ESV,H1107,3
NIV,H1404,3
ESV,H182,3
NIV,H8582,3
NLT,H7390,3
NLT,H7392,3
ESV,H1823,3
KJV,H3738,3
ESV,H4392,3
NIV,H1497,3
NIV,H3985,3
KJV,H4080,3
NIV,H8555,3
NIV,H3644,3
NIV,H1558,3
ESV,H4296,3
NLT,H7495,3
NLT,H7563,3
NLT,H758,3
NLT,H7586,3
ESV,H423,3
NLT,H7344,3
NIV,H1366,3
KJV,H3700,3
ESV,H4605,3
ESV,H1789,3
NIV,H1107,3
KJV,H4124,3
ESV,H4948,3
ESV,H4941,3
ESV,H4932,3
NLT,H7073,3
NIV,H3956,3
NLT,H7075,3
ESV,H4909,3
NLT,H7105,3
NIV,H1234,3
NLT,H7167,3
NIV,H126,3
NLT,H7225,3
NIV,H3870,3
ESV,H4758,3
NIV,H1290,3
ESV,H2706,3
NLT,H7243,3
ESV,H1817,3
KJV,H3173,3
KJV,H758,3
KJV,H4487,3
KJV,H611,3
NIV,H6522,3
NLT,H3355,3
KJV,H2263,3
NIV,H7243,3
NLT,H2344,3
KJV,H4864,3
KJV,H2308,3
KJV,H6135,3
NIV,H6491,3
NLT,H2340,3
KJV,H6162,3
NLT,H346,3
NIV,H645,3
NIV,H6446,3
NLT,H3462,3
NIV,H7793,3
NLT,H3335,3
NLT,H2308,3
ESV,H2244,3
NLT,H3281,3
KJV,H215,3
KJV,H1157,3
NIV,H6588,3
KJV,H1107,3
NLT,H2459,3
NLT,H1789,3
KJV,H218,3
KJV,H2930,3
NLT,H1612,3
ESV,H1366,3
NIV,H6557,3
NIV,H7225,3
KJV,H6093,3
NIV,H7626,3
KJV,H6186,3
KJV,H3001,3
KJV,H6025,3
NIV,H6319,3
NIV,H6311,3
NIV,H7614,3
NLT,H1558,3
NLT,H2263,3
ESV,H8518,3
NLT,H225,3
ESV,H1612,3
ESV,H8492,3
KJV,H6311,3
NLT,H3644,3
ESV,H225,3
NIV,H6293,3
ESV,H8487,3
NLT,H2244,3
NIV,H6275,3
NIV,H7344,3
ESV,H218,3
KJV,H2340,3
NLT,H3581,3
NLT,H3513,3
KJV,H621,3
ESV,H883,3
NIV,H6419,3
NLT,H3519,3
KJV,H4605,3
NLT,H3557,3
ESV,H8582,3
NIV,H7837,3
NLT,H356,3
KJV,H6237,3
NIV,H6369,3
ESV,H8555,3
ESV,H8553,3
KJV,H2344,3
NIV,H7167,3
NLT,H3266,3
NLT,H218,3
NIV,H6869,3
ESV,H2505,3
KJV,H5594,3
KJV,H5749,3
KJV,H575,3
NIV,H7708,3
NIV,H6818,3
NIV,H6817,3
NLT,H2992,3
KJV,H5780,3
NIV,H6809,3
NLT,H2637,3
NIV,H7710,3
NIV,H6781,3
KJV,H1494,3
KJV,H5848,3
NLT,H2930,3
KJV,H5726,3
ESV,H1404,3
NLT,H2706,3
KJV,H1719,3
KJV,H1787,3
NIV,H7673,3
KJV,H2860,3
KJV,H5640,3
NIV,H6908,3
KJV,H182,3
NIV,H6946,3
KJV,H1823,3
KJV,H570,3
NIV,H6960,3
NIV,H687,3
NLT,H2860,3
KJV,H1612,3
KJV,H5713,3
NLT,H1719,3
KJV,H5867,3
NLT,H2505,3
NIV,H7105,3
KJV,H5929,3
NLT,H3173,3
NIV,H6666,3
KJV,H204,3
NLT,H3179,3
ESV,H2506,3
KJV,H5439,3
KJV,H1290,3
NIV,H6636,3
NLT,H322,3
KJV,H126,3
KJV,H2790,3
KJV,H2076,3
KJV,H1234,3
NLT,H2506,3
NIV,H6672,3
KJV,H2030,3
NLT,H2573,3
NIV,H6679,3
NLT,H309,3
NIV,H6741,3
NIV,H6721,3
NIV,H7073,3
NIV,H7075,3
NLT,H3103,3
NLT,H1644,3
KJV,H1404,3
KJV,H4818,3
KJV,H5895,3
NIV,H7732,3
NIV,H6714,3
KJV,H5903,3
KJV,H1366,3
NLT,H2549,3
KJV,H2425,3
NIV,H6484,3
KJV,H5158,3
NLT,H1817,3
NLT,H2030,3
NIV,H6113,3
ESV,H8210,3
KJV,H4909,3
NLT,H4080,3
KJV,H6413,3
ESV,H1290,3
ESV,H1644,3
KJV,H2505,3
NIV,H6162,3
NIV,H6237,3
ESV,H2549,3
NIV,H7563,3
NLT,H3778,3
KJV,H2729,3
KJV,H6636,3
KJV,H5032,3
NLT,H1497,3
KJV,H2506,3
KJV,H4948,3
NLT,H3985,3
NIV,H6093,3
KJV,H645,3
NIV,H758,3
KJV,H5087,3
NIV,H621,3
KJV,H6588,3
NIV,H6148,3
NLT,H182,3
NIV,H611,3
ESV,H2459,3
NIV,H6087,3
KJV,H309,3
ESV,H8318,3
NLT,H1494,3
KJV,H6484,3
NLT,H204,3
NIV,H7392,3
KJV,H2549,3
KJV,H6557,3
KJV,H6651,3
NLT,H3956,3
KJV,H2450,3
NIV,H7911,3
KJV,H3034,3
KJV,H6666,3
KJV,H2437,3
KJV,H6672,3
NLT,H4124,3
ESV,H2263,3
KJV,H2573,3
KJV,H6369,3
KJV,H3103,3
KJV,H6679,3
ESV,H8003,3
KJV,H6522,3
KJV,H6663,3
NLT,H3870,3
NIV,H6135,3
NLT,H215,3
NIV,H7495,3
NIV,H7586,3
NLT,H1823,3
NIV,H7390,3
NLT,H7341,2
NLT,H2564,2
NLT,H7353,2
NIV,H3671,2
NLT,H7350,2
NIV,H7107,2
NLT,H7459,2
NLT,H2567,2
NIV,H8577,2
NLT,H8628,2
NLT,H746,2
NIV,H7070,2
NLT,H734,2
NLT,H7337,2
NLT,H7324,2
NLT,H2524,2
NIV,H3824,2
NIV,H3700,2
NLT,H7306,2
NLT,H8610,2
NLT,H7356,2
NIV,H7484,2
NIV,H859,2
NLT,H199,2
NIV,H2748,2
NLT,H738,2
NLT,H2552,2
NLT,H8609,2
NLT,H1973,2
NIV,H7497,2
NLT,H7368,2
NIV,H2781,2
NIV,H370,2
NIV,H2751,2
NIV,H3738,2
NLT,H2530,2
NLT,H859,2
ESV,H1834,2
NIV,H3722,2
NLT,H8577,2
NLT,H86,2
NIV,H7521,2
NLT,H2527,2
NIV,H7659,2
NLT,H7233,2
NLT,H1834,2
NLT,H2717,2
NLT,H977,2
NLT,H1847,2
ESV,H1616,2
NIV,H3950,2
ESV,H1814,2
NLT,H974,2
NIV,H3938,2
NLT,H1876,2
NLT,H962,2
NIV,H2664,2
NIV,H2673,2
NLT,H894,2
NIV,H6989,2
NIV,H699,2
NIV,H3910,2
NLT,H2710,2
NIV,H8345,2
NLT,H7138,2
NLT,H7070,2
NLT,H6936,2
NLT,H2724,2
NIV,H4026,2
NIV,H8669,2
NIV,H6926,2
NIV,H6936,2
NLT,H6989,2
NIV,H7683,2
NLT,H995,2
NIV,H3979,2
NLT,H699,2
NLT,H7008,2
NLT,H7045,2
NLT,H994,2
NLT,H992,2
NLT,H7107,2
NIV,H8628,2
NIV,H2729,2
NLT,H1908,2
NLT,H7231,2
NIV,H3867,2
NIV,H2710,2
NIV,H2717,2
NIV,H3863,2
NLT,H8669,2
NIV,H753,2
NLT,H2593,2
NIV,H7045,2
NIV,H2724,2
NLT,H2583,2
NLT,H7287,2
NLT,H7298,2
NIV,H3835,2
NLT,H7300,2
NLT,H1715,2
NLT,H2664,2
NLT,H1877,2
NLT,H7210,2
NLT,H7153,2
NLT,H2696,2
NIV,H3884,2
NIV,H2696,2
NLT,H1886,2
NIV,H7008,2
NLT,H887,2
NIV,H8610,2
NIV,H8609,2
NLT,H7186,2
NLT,H7192,2
NIV,H86,2
NLT,H2673,2
NIV,H8172,2
ESV,H1035,2
NIV,H3658,2
NIV,H3607,2
NLT,H8549,2
NIV,H3015,2
ESV,H1908,2
NIV,H3332,2
NIV,H3034,2
NLT,H8401,2
NLT,H8072,2
NLT,H8389,2
NLT,H8081,2
NLT,H8380,2
NLT,H8379,2
NLT,H8082,2
NLT,H812,2
NLT,H8142,2
ESV,H1469,2
NLT,H8144,2
NLT,H815,2
NIV,H7324,2
NIV,H3004,2
NIV,H4029,2
NIV,H3336,2
NIV,H340,2
NIV,H3384,2
NIV,H7298,2
NIV,H2983,2
NLT,H2077,2
NIV,H8537,2
NIV,H7300,2
NIV,H7306,2
ESV,H1086,2
NLT,H2332,2
NIV,H3001,2
NIV,H3370,2
NLT,H2290,2
NLT,H8041,2
NLT,H8048,2
NLT,H8345,2
NIV,H8299,2
NIV,H329,2
NIV,H7337,2
NIV,H8423,2
NIV,H3120,2
ESV,H1877,2
NLT,H8255,2
NIV,H314,2
ESV,H1876,2
NLT,H8266,2
NLT,H8268,2
NIV,H7356,2
NIV,H7368,2
ESV,H1464,2
NLT,H2173,2
NLT,H2209,2
NIV,H7613,2
NLT,H8299,2
NIV,H3207,2
NIV,H8321,2
NIV,H8313,2
NLT,H8172,2
NLT,H8336,2
NIV,H734,2
NIV,H7341,2
NLT,H8321,2
NIV,H7350,2
NIV,H7353,2
NIV,H8441,2
NLT,H8313,2
NLT,H8207,2
NIV,H3231,2
NLT,H2266,2
ESV,H1886,2
NIV,H738,2
NIV,H3222,2
NIV,H8401,2
NIV,H8268,2
NIV,H3653,2
NIV,H7186,2
NIV,H7192,2
NLT,H7613,2
NLT,H2474,2
NLT,H2461,2
NIV,H746,2
NIV,H2885,2
NLT,H201,2
NIV,H7210,2
NLT,H7620,2
NLT,H7621,2
NIV,H8549,2
NIV,H2593,2
NLT,H7649,2
NLT,H2437,2
NIV,H7459,2
NIV,H8380,2
NLT,H2487,2
NIV,H3418,2
ESV,H1849,2
NLT,H7484,2
NIV,H7649,2
NIV,H7138,2
NLT,H8543,2
NLT,H7497,2
NIV,H3625,2
NLT,H7521,2
NLT,H753,2
NLT,H1995,2
NIV,H8207,2
NLT,H8539,2
NLT,H8537,2
NIV,H7153,2
NIV,H8413,2
ESV,H1847,2
NLT,H7659,2
NLT,H2428,2
NIV,H2919,2
ESV,H1432,2
NLT,H2076,2
NLT,H7819,2
NLT,H2367,2
NLT,H2348,2
NLT,H8413,2
NIV,H8539,2
NIV,H2965,2
NIV,H8389,2
NLT,H7880,2
NLT,H79,2
NIV,H7287,2
NIV,H8266,2
NIV,H2974,2
NLT,H7919,2
NLT,H7936,2
NLT,H7794,2
NLT,H2368,2
NIV,H7620,2
NIV,H8543,2
NLT,H7683,2
ESV,H1104,2
NLT,H8441,2
NIV,H7621,2
NLT,H238,2
NIV,H3499,2
ESV,H1101,2
NLT,H7779,2
NIV,H8255,2
NIV,H7231,2
NLT,H8423,2
NLT,H7770,2
NIV,H7233,2
NIV,H8336,2
NLT,H6926,2
NLT,H3004,2
NIV,H887,2
NLT,H5148,2
NIV,H5528,2
NIV,H5523,2
NLT,H3671,2
NLT,H5138,2
NLT,H5139,2
NLT,H3658,2
NLT,H3653,2
NIV,H5483,2
NLT,H5159,2
NIV,H5560,2
NLT,H1177,2
NIV,H6279,2
NLT,H5184,2
NIV,H6298,2
NLT,H5210,2
NIV,H5397,2
NLT,H1157,2
NLT,H1540,2
NLT,H5128,2
NIV,H5594,2
NLT,H4967,2
NLT,H5087,2
ESV,H1310,2
NLT,H5039,2
NLT,H1283,2
NIV,H5656,2
NLT,H1517,2
NLT,H505,2
NLT,H1261,2
ESV,H1681,2
NLT,H5088,2
NLT,H5110,2
NIV,H6238,2
NIV,H5641,2
NLT,H5095,2
NIV,H5640,2
NLT,H3738,2
NLT,H3722,2
NLT,H3700,2
NLT,H370,2
NLT,H3625,2
NLT,H5227,2
ESV,H1586,2
NLT,H5523,2
NIV,H5271,2
NLT,H5397,2
NLT,H1086,2
NLT,H3499,2
NIV,H5262,2
NIV,H5248,2
NLT,H5483,2
NIV,H6439,2
NLT,H5528,2
NLT,H3607,2
NIV,H5227,2
NLT,H5560,2
NLT,H5594,2
NLT,H1035,2
NLT,H5640,2
NIV,H5210,2
NIV,H6478,2
NLT,H5641,2
NIV,H6413,2
NIV,H7819,2
NLT,H1101,2
NLT,H5384,2
NIV,H5384,2
NLT,H5248,2
NLT,H5262,2
NIV,H5380,2
NLT,H5271,2
ESV,H1334,2
NIV,H6318,2
ESV,H1517,2
NIV,H5355,2
NIV,H5352,2
NLT,H5352,2
NLT,H5355,2
NLT,H1567,2
NLT,H5380,2
NIV,H6343,2
NLT,H1104,2
NLT,H1849,2
NIV,H6224,2
NIV,H5676,2
NIV,H4030,2
NLT,H4417,2
ESV,H1653,2
NIV,H5916,2
NIV,H5907,2
NLT,H1469,2
NIV,H61,2
NIV,H5897,2
ESV,H1261,2
NLT,H1376,2
NLT,H4421,2
NLT,H4026,2
NIV,H6118,2
NIV,H5889,2
NIV,H5879,2
NIV,H5861,2
NIV,H5857,2
NLT,H4467,2
NIV,H5848,2
NLT,H3979,2
NIV,H5929,2
NIV,H5939,2
NLT,H4962,2
NLT,H4102,2
NLT,H4199,2
NLT,H4119,2
NLT,H1432,2
NLT,H4232,2
NLT,H4241,2
NLT,H4283,2
NLT,H1464,2
NIV,H6002,2
NLT,H4294,2
NLT,H4029,2
NIV,H6063,2
NLT,H4084,2
NLT,H4315,2
NLT,H14,2
NLT,H4069,2
NIV,H595,2
NLT,H4030,2
NIV,H7936,2
NLT,H4475,2
NLT,H1334,2
NIV,H5828,2
NLT,H4864,2
NLT,H4682,2
NLT,H4705,2
NIV,H79,2
NIV,H5713,2
NLT,H4763,2
NLT,H4818,2
NLT,H4820,2
NIV,H8379,2
NLT,H3867,2
NIV,H7919,2
NLT,H3863,2
NLT,H491,2
NLT,H3835,2
NLT,H3824,2
NIV,H5692,2
NIV,H569,2
NLT,H495,2
NIV,H7880,2
NIV,H6196,2
NIV,H6186,2
NLT,H3884,2
NLT,H46,2
NIV,H5794,2
NIV,H5785,2
NLT,H4487,2
NIV,H5774,2
NLT,H4489,2
NLT,H3950,2
NLT,H4494,2
NLT,H4496,2
NLT,H4522,2
NIV,H615,2
NLT,H3938,2
NIV,H5749,2
NLT,H4557,2
NLT,H4578,2
NLT,H1310,2
NLT,H4599,2
NLT,H3910,2
NLT,H3418,2
NLT,H5656,2
NIV,H5184,2
NLT,H6478,2
NIV,H962,2
NLT,H6413,2
NIV,H4421,2
NIV,H4417,2
NLT,H6439,2
ESV,H1157,2
NIV,H6763,2
NLT,H3034,2
NIV,H6780,2
NIV,H974,2
NLT,H6501,2
NLT,H3015,2
ESV,H1283,2
NLT,H656,2
NLT,H6578,2
NIV,H4315,2
NLT,H3001,2
NIV,H8142,2
NLT,H6343,2
ESV,H14,2
NLT,H5676,2
NIV,H4496,2
NLT,H6224,2
NIV,H46,2
NIV,H4599,2
NLT,H6238,2
NIV,H4578,2
NIV,H4557,2
NIV,H812,2
NIV,H4522,2
NLT,H6279,2
NIV,H4467,2
NIV,H4494,2
NIV,H4489,2
NIV,H6720,2
NLT,H6298,2
NIV,H977,2
NIV,H4487,2
NIV,H4475,2
NLT,H6318,2
NLT,H6616,2
NLT,H662,2
NIV,H4294,2
NIV,H4084,2
NIV,H815,2
NIV,H6875,2
NLT,H6825,2
NIV,H4102,2
NIV,H894,2
NLT,H1681,2
NLT,H6828,2
NLT,H6833,2
NLT,H1710,2
NLT,H2983,2
NLT,H2781,2
ESV,H1609,2
NLT,H2751,2
NLT,H6872,2
NIV,H4069,2
NLT,H6875,2
NLT,H2748,2
NLT,H2729,2
ESV,H1567,2
NIV,H6872,2
NIV,H4119,2
NLT,H6780,2
NIV,H4283,2
NLT,H2974,2
NLT,H2965,2
NLT,H1653,2
NIV,H4241,2
NIV,H4232,2
NLT,H6651,2
NIV,H8144,2
NIV,H4199,2
NLT,H6663,2
NIV,H6825,2
NIV,H6828,2
NIV,H6833,2
NLT,H2919,2
NLT,H6720,2
NLT,H2885,2
NLT,H6763,2
NLT,H3120,2
NLT,H6196,2
NLT,H6186,2
NLT,H5848,2
NLT,H3336,2
ESV,H1622,2
NLT,H3332,2
ESV,H1540,2
NLT,H5785,2
NIV,H5095,2
NLT,H5794,2
NLT,H5828,2
NLT,H5857,2
NIV,H6578,2
NIV,H5088,2
NIV,H5087,2
NLT,H5861,2
NLT,H5879,2
NLT,H5889,2
NLT,H1616,2
NIV,H505,2
NLT,H5897,2
NLT,H5774,2
NIV,H8048,2
NIV,H5110,2
NLT,H5749,2
NLT,H340,2
NLT,H1586,2
NLT,H569,2
NIV,H5159,2
NIV,H6501,2
NLT,H5692,2
NLT,H3384,2
NIV,H5148,2
ESV,H1710,2
NLT,H3370,2
NIV,H8041,2
NLT,H5713,2
NLT,H1609,2
NIV,H7794,2
NIV,H5139,2
NIV,H5138,2
NIV,H5128,2
NIV,H656,2
NLT,H5907,2
NLT,H314,2
NLT,H6063,2
NLT,H3222,2
NIV,H995,2
NIV,H4820,2
NIV,H4818,2
NIV,H4763,2
NLT,H3207,2
NIV,H994,2
NIV,H992,2
ESV,H1376,2
NIV,H5039,2
NLT,H61,2
NIV,H6651,2
ESV,H1715,2
NLT,H6118,2
NIV,H4705,2
NIV,H6663,2
NIV,H4682,2
NLT,H615,2
NIV,H4864,2
NIV,H8082,2
NIV,H491,2
NLT,H6002,2
NLT,H5916,2
ESV,H1177,2
NIV,H8072,2
NLT,H329,2
NIV,H4967,2
NIV,H4962,2
NLT,H5929,2
NIV,H495,2
NLT,H5939,2
NIV,H7779,2
NIV,H8081,2
NIV,H7770,2
NLT,H595,2
NLT,H1622,2
NLT,H3231,2
NIV,H6616,2
NIV,H662,2
NLT,H1814,2
KJV,H962,2
KJV,H1877,2
KJV,H7353,2
KJV,H3658,2
KJV,H738,2
ESV,H5380,2
ESV,H2348,2
ESV,H8172,2
ESV,H5384,2
KJV,H3671,2
KJV,H7368,2
ESV,H5397,2
ESV,H815,2
ESV,H8144,2
KJV,H7386,2
KJV,H7350,2
ESV,H8142,2
KJV,H370,2
KJV,H7341,2
KJV,H3722,2
KJV,H734,2
ESV,H812,2
KJV,H3733,2
ESV,H5483,2
KJV,H7324,2
KJV,H3653,2
ESV,H5355,2
ESV,H8268,2
KJV,H3582,2
KJV,H763,2
KJV,H7620,2
ESV,H5248,2
ESV,H8266,2
KJV,H3543,2
ESV,H8255,2
ESV,H5262,2
ESV,H5271,2
KJV,H7533,2
KJV,H753,2
KJV,H3584,2
ESV,H5352,2
KJV,H7497,2
ESV,H8207,2
KJV,H7484,2
KJV,H748,2
ESV,H2367,2
KJV,H746,2
KJV,H7459,2
KJV,H7456,2
KJV,H3625,2
KJV,H364,2
KJV,H7305,2
KJV,H7298,2
KJV,H7287,2
ESV,H5713,2
ESV,H5676,2
KJV,H3867,2
ESV,H569,2
ESV,H5692,2
KJV,H3884,2
KJV,H3887,2
ESV,H2673,2
ESV,H2567,2
ESV,H7936,2
ESV,H7919,2
KJV,H6926,2
ESV,H8082,2
KJV,H6875,2
KJV,H6872,2
KJV,H3910,2
KJV,H6847,2
ESV,H79,2
ESV,H5749,2
KJV,H6833,2
KJV,H6828,2
KJV,H3940,2
KJV,H6825,2
KJV,H6989,2
KJV,H699,2
KJV,H7008,2
ESV,H5656,2
KJV,H7264,2
KJV,H7242,2
ESV,H5523,2
ESV,H5528,2
ESV,H8081,2
ESV,H8072,2
ESV,H5560,2
ESV,H2552,2
ESV,H8048,2
KJV,H7186,2
ESV,H8041,2
KJV,H3839,2
ESV,H5594,2
KJV,H7138,2
KJV,H3843,2
ESV,H2564,2
ESV,H5640,2
ESV,H5641,2
KJV,H7058,2
KJV,H3856,2
KJV,H7045,2
KJV,H7649,2
KJV,H3530,2
ESV,H5774,2
KJV,H3332,2
ESV,H4763,2
ESV,H8441,2
ESV,H4818,2
ESV,H4820,2
KJV,H8144,2
KJV,H8142,2
ESV,H8423,2
KJV,H3274,2
ESV,H2076,2
KJV,H8138,2
ESV,H4864,2
KJV,H8254,2
KJV,H3336,2
ESV,H8413,2
KJV,H3351,2
KJV,H3363,2
KJV,H3370,2
ESV,H491,2
KJV,H812,2
ESV,H8401,2
KJV,H3373,2
ESV,H8389,2
KJV,H322,2
KJV,H8255,2
ESV,H5227,2
ESV,H4599,2
ESV,H4522,2
KJV,H8413,2
KJV,H8401,2
ESV,H8539,2
ESV,H8537,2
ESV,H4557,2
KJV,H8380,2
KJV,H3120,2
KJV,H8345,2
ESV,H4578,2
KJV,H8334,2
KJV,H8266,2
ESV,H46,2
KJV,H314,2
KJV,H3161,2
KJV,H8321,2
KJV,H8318,2
ESV,H2710,2
ESV,H4682,2
KJV,H8313,2
KJV,H319,2
ESV,H4705,2
ESV,H2077,2
ESV,H495,2
KJV,H8081,2
ESV,H8313,2
KJV,H7819,2
ESV,H5110,2
KJV,H7794,2
ESV,H5128,2
KJV,H7779,2
KJV,H7770,2
ESV,H5138,2
ESV,H5139,2
ESV,H5148,2
ESV,H5159,2
KJV,H7740,2
KJV,H8072,2
ESV,H2696,2
ESV,H5184,2
KJV,H3455,2
KJV,H3456,2
KJV,H3462,2
ESV,H2368,2
KJV,H3499,2
ESV,H5210,2
ESV,H8299,2
KJV,H7659,2
KJV,H7880,2
ESV,H5095,2
KJV,H79,2
ESV,H7008,2
ESV,H238,2
ESV,H8380,2
KJV,H3384,2
ESV,H4962,2
KJV,H8048,2
ESV,H4967,2
ESV,H8379,2
ESV,H8345,2
KJV,H341,2
ESV,H8336,2
KJV,H8032,2
KJV,H3418,2
KJV,H342,2
ESV,H5039,2
ESV,H505,2
ESV,H8321,2
ESV,H5087,2
KJV,H7937,2
KJV,H7936,2
KJV,H7918,2
ESV,H5088,2
KJV,H3979,2
KJV,H680,2
ESV,H2428,2
ESV,H7298,2
KJV,H5676,2
ESV,H7324,2
KJV,H5657,2
KJV,H5656,2
ESV,H7306,2
KJV,H4820,2
ESV,H6616,2
KJV,H5641,2
ESV,H7300,2
ESV,H662,2
ESV,H7287,2
ESV,H6578,2
ESV,H2593,2
ESV,H7233,2
ESV,H6651,2
ESV,H6663,2
ESV,H7231,2
KJV,H5534,2
ESV,H6720,2
KJV,H5528,2
KJV,H5523,2
KJV,H4904,2
KJV,H569,2
KJV,H4763,2
KJV,H4599,2
KJV,H5857,2
ESV,H6439,2
ESV,H7350,2
KJV,H5907,2
KJV,H5897,2
KJV,H5889,2
KJV,H5880,2
KJV,H5879,2
ESV,H6478,2
KJV,H4678,2
KJV,H4682,2
KJV,H5828,2
ESV,H2209,2
ESV,H7341,2
ESV,H734,2
KJV,H4705,2
KJV,H5794,2
KJV,H5785,2
ESV,H6501,2
ESV,H656,2
ESV,H7337,2
ESV,H2266,2
KJV,H4751,2
KJV,H491,2
KJV,H4924,2
ESV,H7210,2
ESV,H6936,2
ESV,H6875,2
KJV,H5090,2
KJV,H5095,2
ESV,H7107,2
KJV,H5110,2
ESV,H6926,2
ESV,H7070,2
KJV,H5117,2
KJV,H5128,2
KJV,H5271,2
KJV,H5248,2
ESV,H6763,2
KJV,H5138,2
ESV,H7045,2
KJV,H5148,2
KJV,H5227,2
KJV,H5159,2
KJV,H5219,2
KJV,H5210,2
ESV,H6989,2
ESV,H699,2
KJV,H5203,2
KJV,H5310,2
KJV,H5319,2
ESV,H6872,2
KJV,H5088,2
ESV,H6780,2
KJV,H5483,2
KJV,H495,2
ESV,H2583,2
KJV,H4967,2
ESV,H7192,2
ESV,H7186,2
KJV,H5397,2
ESV,H7153,2
KJV,H5384,2
ESV,H6825,2
ESV,H6828,2
KJV,H5380,2
KJV,H5358,2
KJV,H5355,2
KJV,H505,2
KJV,H5352,2
ESV,H6833,2
KJV,H5061,2
ESV,H7138,2
KJV,H5074,2
ESV,H6413,2
KJV,H4578,2
ESV,H2332,2
KJV,H4199,2
KJV,H6499,2
ESV,H5907,2
ESV,H5916,2
KJV,H4102,2
ESV,H5929,2
KJV,H6478,2
KJV,H6470,2
ESV,H5939,2
ESV,H595,2
KJV,H6439,2
ESV,H7683,2
ESV,H2173,2
ESV,H7659,2
KJV,H6385,2
ESV,H6002,2
KJV,H6381,2
KJV,H4232,2
KJV,H6343,2
KJV,H6339,2
KJV,H6318,2
ESV,H6063,2
ESV,H7649,2
ESV,H7770,2
ESV,H5897,2
ESV,H7353,2
KJV,H4030,2
ESV,H5785,2
ESV,H5794,2
ESV,H7880,2
KJV,H6763,2
ESV,H5828,2
KJV,H67,2
KJV,H4026,2
ESV,H5848,2
ESV,H5857,2
KJV,H4029,2
ESV,H5861,2
KJV,H656,2
KJV,H662,2
ESV,H7819,2
KJV,H6616,2
ESV,H2664,2
ESV,H7794,2
ESV,H5879,2
KJV,H6578,2
KJV,H4069,2
ESV,H5889,2
ESV,H7779,2
KJV,H6313,2
KJV,H6298,2
ESV,H7621,2
KJV,H4467,2
KJV,H4411,2
ESV,H6238,2
KJV,H6118,2
KJV,H4417,2
KJV,H4421,2
KJV,H6105,2
KJV,H61,2
ESV,H6279,2
ESV,H6298,2
KJV,H4442,2
KJV,H6063,2
ESV,H7620,2
KJV,H4475,2
KJV,H4489,2
ESV,H6318,2
KJV,H6002,2
ESV,H738,2
ESV,H6343,2
ESV,H7368,2
KJV,H4557,2
KJV,H5939,2
ESV,H7356,2
ESV,H2290,2
KJV,H6148,2
KJV,H439,2
ESV,H6224,2
ESV,H61,2
KJV,H6275,2
KJV,H6260,2
KJV,H6255,2
ESV,H7613,2
KJV,H6238,2
ESV,H6118,2
KJV,H4286,2
ESV,H753,2
KJV,H4294,2
KJV,H6224,2
ESV,H615,2
ESV,H7521,2
KJV,H4314,2
KJV,H4315,2
ESV,H7497,2
ESV,H6186,2
ESV,H7484,2
ESV,H6196,2
ESV,H746,2
ESV,H7459,2
KJV,H3069,2
KJV,H5184,2
ESV,H4496,2
NIV,H1376,2
ESV,H329,2
NIV,H2266,2
ESV,H3867,2
KJV,H1637,2
NIV,H14,2
NIV,H2290,2
ESV,H3884,2
KJV,H2664,2
ESV,H4069,2
KJV,H108,2
KJV,H2673,2
NIV,H1334,2
KJV,H2688,2
NIV,H1310,2
KJV,H1653,2
ESV,H3910,2
ESV,H1973,2
ESV,H3863,2
KJV,H260,2
ESV,H2527,2
KJV,H2224,2
ESV,H3336,2
ESV,H3824,2
KJV,H1616,2
KJV,H2583,2
ESV,H3332,2
KJV,H1166,2
ESV,H3835,2
NIV,H1469,2
NIV,H2209,2
NIV,H1464,2
KJV,H1622,2
NIV,H1432,2
KJV,H1151,2
KJV,H1126,2
ESV,H3231,2
KJV,H2696,2
ESV,H3938,2
ESV,H992,2
ESV,H2474,2
KJV,H2082,2
KJV,H2781,2
NIV,H2367,2
ESV,H977,2
ESV,H4026,2
ESV,H201,2
NIV,H1177,2
ESV,H4029,2
ESV,H4030,2
NIV,H2368,2
KJV,H2077,2
ESV,H974,2
NIV,H1157,2
KJV,H2825,2
NIV,H2348,2
KJV,H2102,2
ESV,H2530,2
ESV,H3207,2
ESV,H3950,2
KJV,H213,2
ESV,H2751,2
NIV,H1283,2
KJV,H2717,2
NIV,H2332,2
ESV,H3979,2
NIV,H1261,2
ESV,H2748,2
KJV,H1681,2
ESV,H995,2
KJV,H2748,2
ESV,H994,2
ESV,H3222,2
KJV,H2753,2
ESV,H2524,2
KJV,H2564,2
NIV,H1517,2
ESV,H3653,2
ESV,H3658,2
ESV,H2781,2
ESV,H3671,2
NIV,H201,2
NIV,H1849,2
NIV,H1847,2
NIV,H1834,2
NIV,H1814,2
ESV,H3499,2
KJV,H2459,2
KJV,H1517,2
KJV,H2461,2
KJV,H2474,2
KJV,H1334,2
NIV,H1715,2
NIV,H1995,2
KJV,H2428,2
ESV,H370,2
KJV,H2348,2
KJV,H2401,2
KJV,H1464,2
ESV,H3607,2
NIV,H1908,2
NIV,H1973,2
ESV,H3625,2
NIV,H1886,2
NIV,H1877,2
KJV,H2367,2
KJV,H1497,2
NIV,H1876,2
KJV,H1389,2
NIV,H199,2
KJV,H1376,2
ESV,H2461,2
NIV,H1710,2
KJV,H2332,2
KJV,H122,2
KJV,H2524,2
KJV,H1586,2
KJV,H1283,2
NIV,H1609,2
KJV,H2527,2
KJV,H1605,2
NIV,H1586,2
KJV,H1261,2
KJV,H2530,2
ESV,H1995,2
NIV,H1567,2
ESV,H3384,2
KJV,H1609,2
ESV,H3370,2
NIV,H2173,2
NIV,H1540,2
KJV,H1572,2
ESV,H340,2
KJV,H1540,2
KJV,H2513,2
ESV,H3700,2
KJV,H2487,2
KJV,H155,2
NIV,H1681,2
ESV,H3722,2
ESV,H4494,2
NIV,H1653,2
KJV,H1310,2
ESV,H3418,2
NIV,H2076,2
ESV,H3738,2
NIV,H2077,2
NIV,H1622,2
KJV,H1567,2
NIV,H1616,2
ESV,H962,2
ESV,H199,2
ESV,H859,2
ESV,H4421,2
KJV,H1973,2
KJV,H1976,2
ESV,H3001,2
ESV,H8577,2
KJV,H201,2
ESV,H3034,2
ESV,H2919,2
KJV,H2919,2
KJV,H3026,2
ESV,H4417,2
ESV,H2965,2
KJV,H1834,2
ESV,H8610,2
ESV,H4241,2
ESV,H2437,2
KJV,H8543,2
NIV,H2530,2
KJV,H8549,2
KJV,H1995,2
ESV,H4232,2
ESV,H894,2
NIV,H2564,2
KJV,H894,2
KJV,H3004,2
KJV,H1847,2
ESV,H8669,2
ESV,H3004,2
KJV,H2004,2
KJV,H8639,2
ESV,H3015,2
KJV,H8628,2
KJV,H8610,2
KJV,H8609,2
ESV,H4294,2
NIV,H2437,2
KJV,H8539,2
ESV,H4283,2
ESV,H887,2
ESV,H2487,2
ESV,H2724,2
ESV,H2729,2
KJV,H3015,2
KJV,H8669,2
KJV,H8537,2
NIV,H2552,2
ESV,H8628,2
NIV,H2428,2
KJV,H2934,2
KJV,H8492,2
NIV,H2461,2
KJV,H8489,2
ESV,H4315,2
NIV,H2527,2
KJV,H2983,2
NIV,H2474,2
NIV,H1035,2
NIV,H2487,2
ESV,H2717,2
ESV,H2974,2
NIV,H238,2
KJV,H1886,2
ESV,H4119,2
ESV,H4487,2
ESV,H4102,2
KJV,H1710,2
KJV,H8574,2
KJV,H2065,2
ESV,H4489,2
ESV,H8609,2
NIV,H1086,2
ESV,H4084,2
ESV,H2885,2
NIV,H1101,2
NIV,H2583,2
NIV,H1104,2
KJV,H8441,2
KJV,H1876,2
ESV,H314,2
ESV,H3120,2
KJV,H2974,2
NIV,H2524,2
NIV,H2567,2
ESV,H8549,2
KJV,H954,2
KJV,H959,2
KJV,H199,2
ESV,H4199,2
ESV,H86,2
ESV,H8543,2
KJV,H1908,2
KJV,H994,2
ESV,H4475,2
ESV,H4467,2
KJV,H1715,2
ESV,H2983,2
KJV,H995,2
KJV,H1853,1
NLT,H2966,1
NLT,H2691,1
KJV,H1548,1
ESV,H7120,1
ESV,H7455,1
ESV,H7411,1
ESV,H7074,1
ESV,H7449,1
KJV,H1849,1
NLT,H2943,1
NLT,H2964,1
NLT,H2700,1
KJV,H1706,1
NLT,H461,1
ESV,H7583,1
KJV,H187,1
NLT,H2671,1
KJV,H1506,1
NLT,H4506,1
ESV,H7522,1
NLT,H3018,1
NLT,H3026,1
ESV,H7019,1
ESV,H7533,1
ESV,H7611,1
KJV,H1863,1
KJV,H1482,1
ESV,H7017,1
NLT,H3044,1
ESV,H1409,1
KJV,H1476,1
ESV,H763,1
NLT,H4442,1
KJV,H1472,1
NLT,H4439,1
KJV,H1512,1
NLT,H4513,1
ESV,H7055,1
ESV,H751,1
ESV,H7456,1
NLT,H4601,1
NLT,H5113,1
NLT,H2688,1
ESV,H7064,1
KJV,H1521,1
ESV,H748,1
NLT,H2989,1
ESV,H7062,1
NLT,H4574,1
NLT,H268,1
NLT,H4569,1
NLT,H2708,1
ESV,H7486,1
ESV,H7058,1
NLT,H2999,1
KJV,H1514,1
NLT,H4553,1
NLT,H4550,1
ESV,H7393,1
ESV,H1416,1
NLT,H2934,1
NLT,H4902,1
NLT,H4900,1
KJV,H1746,1
NLT,H28,1
NLT,H490,1
NLT,H4886,1
NLT,H2721,1
NLT,H4976,1
NLT,H3067,1
NLT,H4870,1
KJV,H1803,1
NLT,H4979,1
KJV,H1814,1
NLT,H486,1
ESV,H721,1
KJV,H1648,1
NLT,H4854,1
NLT,H4852,1
NLT,H4851,1
NLT,H5002,1
ESV,H7208,1
NLT,H2825,1
NLT,H4975,1
NLT,H4970,1
ESV,H7339,1
KJV,H1721,1
NLT,H4942,1
ESV,H727,1
ESV,H7264,1
ESV,H7242,1
NLT,H4931,1
NLT,H276,1
NLT,H4957,1
ESV,H7232,1
NLT,H2758,1
NLT,H2779,1
ESV,H7220,1
NLT,H4927,1
NLT,H4924,1
ESV,H7305,1
ESV,H722,1
NLT,H278,1
KJV,H1709,1
KJV,H1683,1
NLT,H4904,1
KJV,H1711,1
NLT,H2731,1
NLT,H5030,1
NLT,H4847,1
NLT,H4643,1
NLT,H5061,1
ESV,H736,1
NLT,H473,1
NLT,H2891,1
ESV,H7363,1
NLT,H4723,1
NLT,H4943,1
ESV,H7379,1
ESV,H714,1
KJV,H1613,1
NLT,H4709,1
KJV,H1838,1
NLT,H5074,1
NLT,H2909,1
NLT,H4687,1
ESV,H7384,1
ESV,H7386,1
ESV,H7387,1
NLT,H4649,1
NLT,H2918,1
KJV,H161,1
ESV,H7125,1
KJV,H1614,1
NLT,H4751,1
NLT,H2836,1
NLT,H2881,1
NLT,H2844,1
NLT,H4843,1
NLT,H4829,1
ESV,H7199,1
NLT,H4828,1
NLT,H2847,1
KJV,H1634,1
NLT,H2858,1
NLT,H481,1
NLT,H4808,1
NLT,H2859,1
NLT,H4786,1
ESV,H7161,1
ESV,H7140,1
NLT,H2873,1
NLT,H4775,1
NLT,H2874,1
ESV,H7342,1
NLT,H4759,1
NLT,H2875,1
KJV,H1617,1
KJV,H1666,1
KJV,H132,1
ESV,H1260,1
NLT,H386,1
ESV,H959,1
ESV,H954,1
NLT,H3435,1
NLT,H3866,1
NLT,H3438,1
NLT,H3440,1
NLT,H3444,1
NLT,H3865,1
NLT,H345,1
NLT,H3456,1
ESV,H8316,1
ESV,H938,1
ESV,H937,1
NLT,H3858,1
NLT,H3833,1
ESV,H2533,1
NLT,H3856,1
ESV,H926,1
ESV,H1350,1
ESV,H922,1
ESV,H916,1
NLT,H3843,1
NLT,H3839,1
ESV,H911,1
ESV,H1306,1
NLT,H3506,1
ESV,H833,1
NLT,H3509,1
NLT,H3869,1
NLT,H342,1
ESV,H8294,1
ESV,H8288,1
NLT,H3363,1
ESV,H2529,1
NLT,H3962,1
ESV,H2532,1
ESV,H8180,1
ESV,H8181,1
ESV,H1298,1
NLT,H3374,1
NLT,H3940,1
ESV,H8195,1
ESV,H1364,1
ESV,H8233,1
NLT,H3913,1
NLT,H3912,1
ESV,H8247,1
NLT,H390,1
NLT,H39,1
ESV,H8254,1
NLT,H339,1
NLT,H3392,1
NLT,H3394,1
NLT,H3892,1
ESV,H983,1
NLT,H3888,1
NLT,H3887,1
NLT,H3411,1
ESV,H8280,1
NLT,H3510,1
NLT,H3830,1
KJV,H1469,1
ESV,H8489,1
NLT,H3682,1
ESV,H8449,1
NLT,H368,1
NLT,H3678,1
ESV,H8451,1
NLT,H367,1
ESV,H8453,1
ESV,H8477,1
ESV,H8482,1
ESV,H8485,1
ESV,H1330,1
ESV,H8591,1
NLT,H3648,1
NLT,H3641,1
ESV,H837,1
NLT,H364,1
ESV,H8494,1
ESV,H2538,1
ESV,H8522,1
ESV,H8574,1
ESV,H8551,1
NLT,H3580,1
NLT,H3617,1
ESV,H8524,1
NLT,H3582,1
ESV,H8535,1
NLT,H3584,1
ESV,H1335,1
NLT,H3695,1
NLT,H355,1
ESV,H8439,1
ESV,H8596,1
NLT,H3817,1
ESV,H8378,1
NLT,H3811,1
ESV,H882,1
ESV,H2534,1
ESV,H8384,1
NLT,H3794,1
NLT,H3526,1
ESV,H8659,1
NLT,H3533,1
NLT,H3777,1
ESV,H8393,1
NLT,H3766,1
NLT,H3763,1
NLT,H3536,1
NLT,H3756,1
NLT,H3754,1
NLT,H375,1
NLT,H3742,1
ESV,H8414,1
NLT,H3733,1
NLT,H3732,1
NLT,H3724,1
ESV,H8422,1
ESV,H132,1
NLT,H3543,1
ESV,H8425,1
ESV,H818,1
KJV,H1065,1
KJV,H1068,1
NLT,H4266,1
NLT,H4301,1
ESV,H780,1
ESV,H7818,1
KJV,H1335,1
NLT,H3176,1
NLT,H4286,1
NLT,H3177,1
KJV,H1330,1
NLT,H3183,1
NLT,H4284,1
ESV,H7856,1
ESV,H788,1
NLT,H4279,1
NLT,H319,1
KJV,H1071,1
NLT,H4258,1
NLT,H3195,1
NLT,H425,1
ESV,H7886,1
NLT,H424,1
NLT,H4236,1
KJV,H1306,1
ESV,H7892,1
NLT,H3199,1
ESV,H790,1
KJV,H1298,1
ESV,H2509,1
NLT,H4202,1
NLT,H3161,1
ESV,H7791,1
NLT,H4308,1
KJV,H1350,1
ESV,H765,1
ESV,H2577,1
ESV,H7656,1
KJV,H1432,1
NLT,H3102,1
KJV,H1416,1
ESV,H7665,1
ESV,H7699,1
ESV,H7718,1
NLT,H3106,1
NLT,H4393,1
KJV,H1409,1
ESV,H7740,1
ESV,H7741,1
NLT,H439,1
NLT,H4380,1
ESV,H7742,1
ESV,H2569,1
NLT,H4372,1
NLT,H437,1
ESV,H7764,1
NLT,H4353,1
KJV,H1364,1
ESV,H1270,1
ESV,H7774,1
ESV,H1389,1
NLT,H4314,1
NLT,H420,1
ESV,H7918,1
KJV,H1270,1
ESV,H8057,1
NLT,H4074,1
KJV,H1165,1
KJV,H1160,1
NLT,H4043,1
NLT,H4042,1
NLT,H4031,1
KJV,H110,1
ESV,H2551,1
NLT,H403,1
ESV,H8088,1
ESV,H811,1
NLT,H4025,1
NLT,H3326,1
ESV,H8110,1
NLT,H4017,1
NLT,H4014,1
KJV,H1097,1
NLT,H4005,1
KJV,H1092,1
ESV,H8127,1
ESV,H813,1
KJV,H1086,1
ESV,H8134,1
ESV,H8138,1
NLT,H3337,1
NLT,H3349,1
ESV,H817,1
NLT,H3282,1
ESV,H805,1
ESV,H7989,1
NLT,H4091,1
KJV,H1260,1
NLT,H4184,1
KJV,H1237,1
KJV,H1235,1
NLT,H3223,1
NLT,H4179,1
NLT,H4176,1
NLT,H4172,1
KJV,H1224,1
NLT,H3226,1
NLT,H416,1
ESV,H7998,1
NLT,H415,1
ESV,H7999,1
ESV,H8004,1
NLT,H3232,1
ESV,H8006,1
KJV,H1219,1
NLT,H3252,1
KJV,H1215,1
ESV,H8026,1
ESV,H8029,1
ESV,H2563,1
NLT,H328,1
ESV,H8038,1
NLT,H4105,1
ESV,H8045,1
NLT,H3853,1
ESV,H1924,1
ESV,H6994,1
ESV,H4236,1
NLT,H7522,1
NLT,H7533,1
ESV,H4279,1
ESV,H4266,1
ESV,H4258,1
ESV,H425,1
NLT,H7583,1
ESV,H424,1
ESV,H4202,1
ESV,H415,1
NLT,H7611,1
ESV,H420,1
ESV,H2731,1
ESV,H4184,1
ESV,H4179,1
ESV,H4176,1
NLT,H763,1
ESV,H4172,1
ESV,H4284,1
NLT,H751,1
ESV,H4286,1
NLT,H7486,1
ESV,H4439,1
NLT,H7393,1
NLT,H7411,1
ESV,H4393,1
ESV,H439,1
NLT,H7449,1
ESV,H4380,1
ESV,H4372,1
NLT,H7455,1
NLT,H7456,1
ESV,H437,1
ESV,H4353,1
ESV,H2721,1
ESV,H4314,1
ESV,H4308,1
NLT,H748,1
ESV,H4301,1
ESV,H416,1
NLT,H765,1
NLT,H7387,1
ESV,H390,1
NLT,H7791,1
ESV,H3962,1
NLT,H780,1
NLT,H7818,1
ESV,H3940,1
ESV,H3913,1
ESV,H3912,1
NLT,H7856,1
NLT,H788,1
ESV,H4105,1
ESV,H39,1
NLT,H7886,1
NLT,H7892,1
ESV,H3892,1
ESV,H3888,1
NLT,H790,1
ESV,H3887,1
NLT,H7918,1
NLT,H7774,1
ESV,H4005,1
NLT,H7764,1
ESV,H1092,1
NLT,H7656,1
ESV,H4091,1
NLT,H7665,1
ESV,H4074,1
ESV,H4043,1
ESV,H4042,1
NLT,H7699,1
ESV,H4031,1
ESV,H403,1
NLT,H7718,1
ESV,H4025,1
ESV,H4017,1
NLT,H7740,1
NLT,H7741,1
NLT,H7742,1
ESV,H4014,1
ESV,H110,1
ESV,H4442,1
NLT,H7386,1
ESV,H6982,1
ESV,H1126,1
ESV,H4942,1
ESV,H4931,1
NLT,H7074,1
ESV,H4927,1
ESV,H4924,1
ESV,H4904,1
ESV,H4902,1
NLT,H7120,1
ESV,H4900,1
ESV,H4852,1
NLT,H7125,1
ESV,H490,1
ESV,H4886,1
ESV,H4870,1
NLT,H714,1
NLT,H7140,1
ESV,H486,1
ESV,H4854,1
ESV,H4943,1
NLT,H7064,1
NLT,H7062,1
NLT,H7058,1
ESV,H5061,1
NLT,H6967,1
NLT,H6973,1
NLT,H6975,1
NLT,H6982,1
ESV,H5030,1
ESV,H5002,1
NLT,H6994,1
ESV,H2700,1
ESV,H4979,1
ESV,H4976,1
NLT,H7017,1
ESV,H4975,1
NLT,H7019,1
ESV,H4970,1
ESV,H4957,1
NLT,H7055,1
NLT,H7161,1
ESV,H4851,1
NLT,H7384,1
ESV,H4569,1
NLT,H727,1
ESV,H4687,1
ESV,H4649,1
ESV,H4643,1
ESV,H461,1
NLT,H7305,1
ESV,H4601,1
ESV,H4574,1
NLT,H7339,1
ESV,H4847,1
ESV,H4553,1
NLT,H7342,1
ESV,H4550,1
ESV,H4513,1
ESV,H4506,1
NLT,H736,1
NLT,H7363,1
NLT,H7379,1
NLT,H7264,1
ESV,H4709,1
ESV,H2708,1
NLT,H7242,1
ESV,H4843,1
ESV,H4829,1
ESV,H4828,1
NLT,H7199,1
NLT,H7208,1
NLT,H721,1
ESV,H481,1
ESV,H4808,1
NLT,H722,1
NLT,H7220,1
ESV,H4786,1
ESV,H4775,1
ESV,H4759,1
ESV,H4751,1
NLT,H7232,1
ESV,H473,1
ESV,H4723,1
ESV,H3869,1
ESV,H3866,1
ESV,H3865,1
NLT,H8489,1
NLT,H8449,1
NLT,H8451,1
NLT,H8453,1
ESV,H2844,1
NLT,H8477,1
NLT,H8482,1
NLT,H8485,1
ESV,H3282,1
ESV,H328,1
ESV,H3199,1
NLT,H8494,1
ESV,H3252,1
ESV,H3232,1
NLT,H8522,1
NLT,H8524,1
ESV,H3226,1
NLT,H8535,1
ESV,H3223,1
ESV,H3326,1
NLT,H8439,1
ESV,H2836,1
NLT,H8425,1
ESV,H3435,1
ESV,H342,1
ESV,H3411,1
ESV,H3394,1
ESV,H3392,1
ESV,H339,1
NLT,H837,1
NLT,H8378,1
ESV,H2825,1
NLT,H8384,1
ESV,H3374,1
NLT,H8393,1
ESV,H3363,1
ESV,H3349,1
NLT,H8414,1
ESV,H3337,1
NLT,H8422,1
ESV,H2847,1
NLT,H8551,1
ESV,H386,1
NLT,H938,1
ESV,H2989,1
NLT,H911,1
ESV,H2966,1
NLT,H916,1
NLT,H922,1
NLT,H926,1
ESV,H2964,1
NLT,H937,1
ESV,H2943,1
ESV,H3195,1
NLT,H954,1
NLT,H959,1
ESV,H2934,1
ESV,H2918,1
NLT,H983,1
ESV,H2909,1
ESV,H2875,1
ESV,H2891,1
ESV,H2999,1
NLT,H882,1
ESV,H3018,1
ESV,H3026,1
ESV,H319,1
ESV,H3183,1
ESV,H3177,1
NLT,H8574,1
ESV,H3176,1
ESV,H3161,1
NLT,H8591,1
NLT,H8596,1
ESV,H2858,1
ESV,H3106,1
ESV,H3102,1
ESV,H2859,1
ESV,H3067,1
ESV,H2873,1
ESV,H3044,1
NLT,H8659,1
ESV,H2874,1
ESV,H3438,1
NLT,H833,1
ESV,H3440,1
NLT,H8057,1
ESV,H3777,1
NLT,H8038,1
ESV,H3766,1
ESV,H3763,1
ESV,H3756,1
NLT,H8045,1
ESV,H3754,1
NLT,H805,1
ESV,H1068,1
ESV,H3444,1
ESV,H375,1
ESV,H3742,1
ESV,H3733,1
ESV,H3732,1
ESV,H3724,1
NLT,H8088,1
ESV,H2779,1
NLT,H811,1
ESV,H1071,1
ESV,H108,1
NLT,H8029,1
ESV,H3794,1
ESV,H3858,1
ESV,H3856,1
ESV,H3853,1
ESV,H3843,1
ESV,H3839,1
ESV,H2758,1
ESV,H3833,1
ESV,H3830,1
NLT,H7989,1
ESV,H3817,1
NLT,H7998,1
NLT,H7999,1
ESV,H3811,1
NLT,H8004,1
NLT,H8006,1
ESV,H276,1
NLT,H8026,1
NLT,H8110,1
ESV,H3695,1
NLT,H8127,1
NLT,H8233,1
NLT,H8247,1
ESV,H3580,1
NLT,H8254,1
ESV,H355,1
ESV,H3543,1
ESV,H3536,1
ESV,H3533,1
ESV,H3526,1
NLT,H8280,1
ESV,H3510,1
ESV,H3509,1
NLT,H8288,1
NLT,H8294,1
ESV,H3506,1
ESV,H3456,1
NLT,H8316,1
ESV,H345,1
ESV,H3582,1
ESV,H3584,1
NLT,H813,1
ESV,H28,1
ESV,H278,1
NLT,H8134,1
NLT,H8138,1
ESV,H1065,1
ESV,H3682,1
ESV,H368,1
ESV,H3678,1
ESV,H367,1
ESV,H3648,1
NLT,H817,1
ESV,H3641,1
ESV,H364,1
NLT,H818,1
NLT,H8180,1
NLT,H8181,1
NLT,H8195,1
ESV,H3617,1
NLT,H6955,1
ESV,H5074,1
NLT,H6942,1
ESV,H6339,1
ESV,H122,1
NLT,H5706,1
ESV,H6385,1
ESV,H6381,1
ESV,H6376,1
ESV,H6373,1
ESV,H6349,1
NLT,H5730,1
NLT,H5742,1
ESV,H6297,1
NLT,H5745,1
NLT,H5748,1
ESV,H6316,1
ESV,H6313,1
ESV,H1219,1
NLT,H5762,1
NLT,H5763,1
ESV,H6312,1
ESV,H6394,1
NLT,H57,1
ESV,H6396,1
NLT,H5697,1
NLT,H5611,1
NLT,H5612,1
NLT,H5624,1
ESV,H6499,1
ESV,H6496,1
ESV,H6487,1
ESV,H6482,1
NLT,H565,1
ESV,H1224,1
ESV,H6479,1
NLT,H5657,1
ESV,H6475,1
ESV,H6470,1
ESV,H6464,1
ESV,H2600,1
NLT,H5678,1
ESV,H6412,1
NLT,H577,1
ESV,H6290,1
ESV,H6049,1
ESV,H6117,1
ESV,H6168,1
ESV,H6158,1
NLT,H5923,1
ESV,H6131,1
ESV,H6130,1
NLT,H5933,1
NLT,H5935,1
ESV,H6123,1
NLT,H5959,1
NLT,H2654,1
NLT,H5968,1
ESV,H6105,1
ESV,H6099,1
NLT,H5983,1
NLT,H5999,1
ESV,H6089,1
ESV,H6081,1
NLT,H6003,1
NLT,H591,1
ESV,H6174,1
ESV,H6175,1
NLT,H5902,1
ESV,H6239,1
ESV,H6230,1
NLT,H5804,1
NLT,H5826,1
ESV,H6229,1
ESV,H6227,1
ESV,H6218,1
NLT,H5858,1
ESV,H6208,1
ESV,H6203,1
ESV,H1215,1
NLT,H5880,1
ESV,H6189,1
NLT,H589,1
NLT,H5891,1
ESV,H6185,1
ESV,H6179,1
NLT,H561,1
NLT,H56,1
ESV,H6524,1
NLT,H5303,1
NLT,H5258,1
ESV,H6847,1
ESV,H6837,1
NLT,H5275,1
NLT,H5276,1
NLT,H5279,1
NLT,H5283,1
NLT,H5301,1
NLT,H5305,1
ESV,H6556,1
ESV,H6822,1
NLT,H5310,1
ESV,H6812,1
NLT,H5319,1
NLT,H5320,1
ESV,H6805,1
NLT,H5322,1
ESV,H680,1
NLT,H5254,1
ESV,H6862,1
NLT,H5237,1
NLT,H5230,1
ESV,H6975,1
ESV,H6973,1
ESV,H6967,1
NLT,H5178,1
ESV,H1237,1
ESV,H6955,1
ESV,H6942,1
ESV,H6938,1
ESV,H6935,1
NLT,H5203,1
NLT,H5207,1
NLT,H5209,1
ESV,H6929,1
NLT,H5220,1
ESV,H692,1
ESV,H6887,1
NLT,H523,1
NLT,H5333,1
ESV,H6798,1
NLT,H5344,1
NLT,H546,1
NLT,H5475,1
ESV,H6601,1
ESV,H6595,1
NLT,H5497,1
ESV,H6584,1
NLT,H5513,1
NLT,H552,1
NLT,H5521,1
ESV,H6571,1
NLT,H553,1
NLT,H5534,1
ESV,H6565,1
NLT,H5551,1
ESV,H6561,1
NLT,H5564,1
NLT,H5575,1
NLT,H5582,1
ESV,H6617,1
NLT,H5455,1
ESV,H6786,1
NLT,H5454,1
ESV,H6760,1
NLT,H5356,1
ESV,H675,1
ESV,H1235,1
NLT,H5378,1
ESV,H6738,1
NLT,H5382,1
ESV,H6712,1
ESV,H67,1
NLT,H5391,1
ESV,H6654,1
ESV,H665,1
NLT,H5429,1
NLT,H5434,1
ESV,H6625,1
NLT,H5442,1
NLT,H5445,1
NLT,H6006,1
ESV,H6047,1
NLT,H6938,1
ESV,H5442,1
ESV,H5475,1
NLT,H6595,1
NLT,H6601,1
ESV,H546,1
ESV,H5455,1
ESV,H5454,1
NLT,H6617,1
ESV,H5445,1
ESV,H5434,1
ESV,H5344,1
NLT,H6625,1
ESV,H5429,1
ESV,H5391,1
NLT,H665,1
ESV,H5382,1
NLT,H6654,1
ESV,H5378,1
ESV,H2691,1
NLT,H6584,1
NLT,H6571,1
NLT,H6565,1
NLT,H6561,1
NLT,H6479,1
NLT,H6482,1
ESV,H5575,1
ESV,H5564,1
NLT,H6487,1
NLT,H6496,1
NLT,H6499,1
ESV,H5551,1
ESV,H5534,1
ESV,H553,1
NLT,H6524,1
ESV,H5521,1
ESV,H1151,1
ESV,H552,1
NLT,H6556,1
ESV,H5513,1
ESV,H5497,1
ESV,H5356,1
ESV,H5333,1
ESV,H6006,1
NLT,H6847,1
ESV,H5237,1
NLT,H6812,1
ESV,H5230,1
ESV,H523,1
NLT,H6822,1
ESV,H5220,1
ESV,H5209,1
NLT,H6837,1
NLT,H6862,1
NLT,H67,1
ESV,H5207,1
ESV,H5203,1
NLT,H6887,1
ESV,H5178,1
NLT,H692,1
ESV,H5113,1
NLT,H6929,1
NLT,H6935,1
ESV,H5254,1
NLT,H6805,1
NLT,H680,1
ESV,H5258,1
ESV,H5322,1
NLT,H6712,1
ESV,H5320,1
ESV,H5319,1
ESV,H5310,1
ESV,H5305,1
ESV,H5303,1
NLT,H6738,1
ESV,H5301,1
ESV,H5283,1
NLT,H675,1
ESV,H5279,1
NLT,H6760,1
ESV,H5276,1
ESV,H5275,1
NLT,H6786,1
NLT,H6798,1
ESV,H5582,1
NLT,H6475,1
ESV,H2688,1
NLT,H6179,1
ESV,H5902,1
ESV,H5891,1
ESV,H589,1
NLT,H6158,1
ESV,H5880,1
NLT,H6168,1
NLT,H6174,1
NLT,H6175,1
NLT,H6185,1
NLT,H6470,1
NLT,H6189,1
ESV,H5858,1
NLT,H6203,1
NLT,H6208,1
ESV,H1166,1
ESV,H1165,1
NLT,H6218,1
ESV,H5826,1
NLT,H6131,1
NLT,H6130,1
NLT,H6123,1
ESV,H591,1
ESV,H6003,1
ESV,H5999,1
NLT,H6047,1
NLT,H6049,1
ESV,H5983,1
ESV,H5968,1
NLT,H6081,1
ESV,H5959,1
ESV,H5935,1
NLT,H6089,1
ESV,H5933,1
NLT,H6099,1
NLT,H6105,1
ESV,H2650,1
ESV,H5923,1
ESV,H2654,1
NLT,H6117,1
NLT,H6227,1
NLT,H6229,1
NLT,H6230,1
NLT,H6339,1
ESV,H5678,1
NLT,H6373,1
NLT,H6376,1
NLT,H6381,1
NLT,H6385,1
ESV,H5657,1
NLT,H6394,1
NLT,H6396,1
NLT,H6412,1
ESV,H268,1
ESV,H565,1
ESV,H5624,1
ESV,H5612,1
ESV,H5611,1
ESV,H561,1
ESV,H56,1
NLT,H6464,1
NLT,H6349,1
ESV,H5697,1
ESV,H5804,1
ESV,H57,1
NLT,H6239,1
ESV,H577,1
NLT,H6255,1
ESV,H5763,1
ESV,H1160,1
ESV,H5762,1
ESV,H2671,1
NLT,H6290,1
ESV,H5748,1
NLT,H6297,1
ESV,H5745,1
ESV,H5742,1
ESV,H5730,1
ESV,H5706,1
NLT,H6312,1
NLT,H6313,1
NLT,H6316,1
ESV,H6255,1
NLT,H187,1
NLT,H2650,1
NIV,H5303,1
NIV,H5258,1
NIV,H5275,1
NIV,H5276,1
NIV,H5279,1
NIV,H5283,1
KJV,H7611,1
KJV,H7583,1
NIV,H5301,1
NIV,H5305,1
KJV,H765,1
NIV,H5310,1
NIV,H5319,1
NIV,H5320,1
KJV,H7522,1
NIV,H5322,1
KJV,H7521,1
NIV,H5333,1
KJV,H751,1
NIV,H5254,1
NIV,H5237,1
KJV,H7486,1
NIV,H5203,1
KJV,H7764,1
ESV,H2104,1
NIV,H5178,1
ESV,H1709,1
ESV,H211,1
KJV,H7744,1
KJV,H7742,1
ESV,H213,1
NIV,H5207,1
KJV,H7656,1
NIV,H5209,1
KJV,H7718,1
ESV,H2132,1
NIV,H5220,1
KJV,H7699,1
KJV,H7665,1
NIV,H523,1
NIV,H5230,1
NIV,H5344,1
NIV,H5356,1
KJV,H8294,1
NIV,H5575,1
NIV,H552,1
NIV,H5521,1
KJV,H7342,1
NIV,H553,1
NIV,H5534,1
NIV,H5551,1
KJV,H7339,1
NIV,H5564,1
NIV,H5582,1
NIV,H5497,1
ESV,H1683,1
KJV,H7337,1
NIV,H56,1
NIV,H561,1
NIV,H5611,1
NIV,H5612,1
NIV,H5624,1
KJV,H7300,1
NIV,H5513,1
KJV,H736,1
ESV,H1706,1
NIV,H5429,1
NIV,H5378,1
NIV,H5382,1
KJV,H7455,1
KJV,H7449,1
KJV,H7411,1
NIV,H5391,1
KJV,H7393,1
KJV,H7387,1
NIV,H5434,1
NIV,H5475,1
KJV,H7384,1
NIV,H5442,1
NIV,H5445,1
NIV,H5454,1
NIV,H5455,1
NIV,H546,1
KJV,H7379,1
KJV,H7363,1
KJV,H7791,1
KJV,H780,1
KJV,H7818,1
NIV,H4847,1
NIV,H4759,1
NIV,H4775,1
NIV,H4786,1
NIV,H4808,1
NIV,H481,1
NIV,H4828,1
NIV,H4829,1
NIV,H4843,1
KJV,H8134,1
KJV,H815,1
NIV,H4851,1
NIV,H4852,1
NIV,H4854,1
NIV,H486,1
KJV,H813,1
NIV,H4870,1
NIV,H4886,1
NIV,H490,1
NIV,H4751,1
KJV,H817,1
KJV,H7856,1
KJV,H8233,1
ESV,H2065,1
NIV,H4601,1
KJV,H8280,1
NIV,H461,1
KJV,H8247,1
NIV,H4643,1
NIV,H4649,1
ESV,H1721,1
KJV,H8207,1
KJV,H8172,1
NIV,H4687,1
KJV,H8195,1
NIV,H4709,1
KJV,H8181,1
KJV,H8180,1
NIV,H4723,1
KJV,H818,1
NIV,H473,1
NIV,H4900,1
NIV,H4902,1
NIV,H4904,1
NIV,H5061,1
KJV,H8038,1
NIV,H5030,1
ESV,H2082,1
KJV,H8029,1
KJV,H8026,1
KJV,H8006,1
KJV,H8004,1
KJV,H7999,1
KJV,H7998,1
KJV,H8127,1
NIV,H5074,1
KJV,H7989,1
ESV,H2102,1
KJV,H790,1
NIV,H5113,1
KJV,H7892,1
KJV,H7886,1
KJV,H788,1
NIV,H5002,1
ESV,H1711,1
NIV,H4979,1
NIV,H4976,1
KJV,H8110,1
NIV,H4924,1
NIV,H4927,1
KJV,H811,1
NIV,H4931,1
KJV,H8088,1
KJV,H8082,1
NIV,H4942,1
NIV,H4943,1
ESV,H208,1
NIV,H4957,1
KJV,H8057,1
KJV,H805,1
KJV,H8045,1
KJV,H8041,1
NIV,H4970,1
NIV,H4975,1
KJV,H727,1
NIV,H565,1
NIV,H5657,1
NIV,H6229,1
NIV,H6203,1
NIV,H6208,1
KJV,H6475,1
KJV,H6464,1
ESV,H2175,1
NIV,H6218,1
KJV,H6412,1
NIV,H6227,1
NIV,H6230,1
NIV,H6189,1
KJV,H6396,1
KJV,H6394,1
NIV,H6239,1
KJV,H6376,1
NIV,H6255,1
KJV,H6373,1
KJV,H6349,1
NIV,H6290,1
KJV,H6479,1
KJV,H6482,1
KJV,H6595,1
KJV,H6556,1
KJV,H6584,1
KJV,H6571,1
NIV,H6117,1
KJV,H6565,1
KJV,H6561,1
NIV,H6123,1
NIV,H6130,1
NIV,H6131,1
KJV,H6524,1
NIV,H6185,1
KJV,H6501,1
NIV,H6158,1
KJV,H6496,1
NIV,H6168,1
KJV,H6487,1
NIV,H6174,1
NIV,H6175,1
NIV,H6179,1
KJV,H6316,1
NIV,H6297,1
KJV,H6312,1
KJV,H6174,1
KJV,H6196,1
KJV,H6189,1
KJV,H6185,1
ESV,H1634,1
KJV,H6179,1
KJV,H6175,1
NIV,H6464,1
NIV,H6470,1
NIV,H6475,1
KJV,H6297,1
KJV,H6168,1
NIV,H6479,1
NIV,H6482,1
KJV,H6158,1
KJV,H615,1
NIV,H6487,1
NIV,H6496,1
NIV,H6499,1
KJV,H6203,1
KJV,H6208,1
ESV,H2183,1
KJV,H6218,1
KJV,H6290,1
NIV,H6312,1
NIV,H6313,1
NIV,H6316,1
NIV,H6339,1
KJV,H6239,1
NIV,H6349,1
KJV,H6230,1
KJV,H6229,1
NIV,H6373,1
NIV,H6376,1
NIV,H6381,1
NIV,H6385,1
KJV,H6227,1
NIV,H6394,1
NIV,H6396,1
NIV,H6412,1
NIV,H6105,1
NIV,H6099,1
KJV,H7233,1
KJV,H7017,1
NIV,H5745,1
NIV,H5748,1
KJV,H7062,1
KJV,H7055,1
NIV,H5762,1
NIV,H5763,1
NIV,H577,1
KJV,H7019,1
KJV,H6994,1
KJV,H7064,1
KJV,H6982,1
KJV,H6975,1
NIV,H5804,1
NIV,H5826,1
KJV,H6973,1
KJV,H6967,1
KJV,H6955,1
KJV,H6942,1
NIV,H5742,1
KJV,H7074,1
KJV,H6601,1
NIV,H5697,1
KJV,H7232,1
KJV,H7231,1
KJV,H7220,1
KJV,H722,1
NIV,H5678,1
KJV,H7210,1
KJV,H721,1
KJV,H7208,1
KJV,H7199,1
NIV,H5730,1
NIV,H57,1
KJV,H7192,1
NIV,H5706,1
KJV,H7161,1
KJV,H7156,1
KJV,H7140,1
KJV,H714,1
KJV,H7120,1
NIV,H5858,1
KJV,H6938,1
KJV,H6936,1
KJV,H6712,1
NIV,H5999,1
KJV,H6786,1
KJV,H6780,1
NIV,H6003,1
NIV,H6006,1
KJV,H6760,1
KJV,H675,1
KJV,H6738,1
KJV,H6654,1
ESV,H1666,1
NIV,H6047,1
NIV,H6049,1
KJV,H665,1
ESV,H2161,1
NIV,H6081,1
KJV,H6625,1
KJV,H6617,1
NIV,H6089,1
NIV,H5983,1
KJV,H6798,1
KJV,H6805,1
NIV,H5968,1
KJV,H6935,1
NIV,H5880,1
KJV,H6929,1
NIV,H589,1
NIV,H5891,1
KJV,H692,1
NIV,H5902,1
KJV,H6862,1
NIV,H591,1
KJV,H6837,1
NIV,H5923,1
ESV,H1648,1
NIV,H5933,1
NIV,H5935,1
KJV,H6822,1
KJV,H6812,1
NIV,H5959,1
KJV,H8288,1
NIV,H4574,1
KJV,H6130,1
ESV,H187,1
NIV,H328,1
NIV,H202,1
NIV,H3282,1
NIV,H2018,1
ESV,H1984,1
NIV,H2007,1
NIV,H1990,1
NIV,H3326,1
NIV,H1988,1
NIV,H2056,1
ESV,H2881,1
NIV,H3337,1
NIV,H3349,1
ESV,H1988,1
NIV,H1976,1
NIV,H3363,1
NIV,H1950,1
NIV,H1924,1
NIV,H2032,1
NIV,H3252,1
ESV,H1863,1
NIV,H2104,1
NIV,H3183,1
NIV,H319,1
NIV,H2161,1
NIV,H3195,1
NIV,H2132,1
NIV,H213,1
NIV,H3199,1
NIV,H211,1
NIV,H2102,1
NIV,H2061,1
ESV,H1976,1
NIV,H2082,1
NIV,H208,1
NIV,H3223,1
NIV,H2065,1
NIV,H3226,1
NIV,H2064,1
NIV,H3232,1
NIV,H3374,1
NIV,H1913,1
NIV,H4569,1
NIV,H1666,1
NIV,H1711,1
NIV,H1709,1
NIV,H3526,1
NIV,H1706,1
NIV,H3533,1
ESV,H1990,1
NIV,H3536,1
NIV,H1683,1
NIV,H3543,1
NIV,H3509,1
NIV,H355,1
NIV,H1648,1
NIV,H1634,1
NIV,H1617,1
NIV,H1614,1
NIV,H3580,1
NIV,H1613,1
NIV,H3582,1
NIV,H3510,1
NIV,H3506,1
NIV,H1887,1
NIV,H3435,1
NIV,H339,1
NIV,H3392,1
NIV,H3394,1
NIV,H3411,1
NIV,H342,1
NIV,H187,1
NIV,H1863,1
ESV,H1853,1
NIV,H3438,1
NIV,H1721,1
NIV,H3440,1
NIV,H3444,1
NIV,H345,1
NIV,H3456,1
NIV,H1853,1
NIV,H1838,1
NIV,H1800,1
NIV,H1746,1
NIV,H3177,1
NIV,H3176,1
NIV,H2175,1
NIV,H2836,1
NIV,H276,1
NIV,H2470,1
NIV,H2779,1
NIV,H278,1
NIV,H2447,1
NIV,H28,1
NIV,H2436,1
NIV,H2825,1
NIV,H2844,1
NIV,H2491,1
ESV,H1950,1
NIV,H2847,1
NIV,H2406,1
NIV,H2858,1
NIV,H2859,1
NIV,H2401,1
NIV,H2873,1
NIV,H2874,1
NIV,H2758,1
NIV,H2509,1
NIV,H2183,1
NIV,H2691,1
NIV,H2577,1
NIV,H2569,1
NIV,H2650,1
NIV,H2654,1
NIV,H2671,1
NIV,H2563,1
NIV,H268,1
NIV,H2688,1
NIV,H2551,1
NIV,H2731,1
NIV,H2538,1
NIV,H2700,1
NIV,H2534,1
NIV,H2708,1
NIV,H2533,1
NIV,H2532,1
NIV,H2529,1
NIV,H2721,1
NIV,H2875,1
NIV,H2400,1
NIV,H2881,1
ESV,H1887,1
NIV,H3018,1
NIV,H3026,1
NIV,H2280,1
NIV,H3044,1
NIV,H2268,1
NIV,H2250,1
NIV,H3067,1
NIV,H2224,1
NIV,H3102,1
NIV,H2399,1
NIV,H2220,1
NIV,H3106,1
NIV,H2207,1
NIV,H2201,1
NIV,H2196,1
NIV,H2190,1
NIV,H2188,1
NIV,H3161,1
NIV,H2291,1
NIV,H2301,1
NIV,H2313,1
NIV,H2999,1
NIV,H2891,1
ESV,H1913,1
NIV,H2375,1
NIV,H2909,1
NIV,H2918,1
NIV,H2366,1
NIV,H2934,1
NIV,H2943,1
NIV,H2347,1
NIV,H2343,1
NIV,H2964,1
NIV,H2342,1
NIV,H2966,1
NIV,H2339,1
NIV,H2327,1
NIV,H2989,1
NIV,H2315,1
NIV,H3584,1
NIV,H161,1
NIV,H1605,1
NIV,H4202,1
KJV,H8659,1
NIV,H416,1
NIV,H4172,1
NIV,H4176,1
NIV,H4179,1
NIV,H4184,1
KJV,H86,1
NIV,H420,1
KJV,H8596,1
ESV,H2032,1
KJV,H8591,1
KJV,H8577,1
NIV,H4236,1
NIV,H424,1
NIV,H425,1
NIV,H4258,1
KJV,H8551,1
NIV,H4266,1
NIV,H415,1
KJV,H882,1
NIV,H4017,1
NIV,H4074,1
NIV,H4025,1
NIV,H1065,1
NIV,H403,1
ESV,H202,1
NIV,H4031,1
NIV,H4042,1
NIV,H4043,1
KJV,H992,1
KJV,H983,1
KJV,H887,1
NIV,H4091,1
KJV,H938,1
KJV,H937,1
KJV,H926,1
NIV,H4105,1
KJV,H922,1
KJV,H916,1
KJV,H911,1
NIV,H4279,1
NIV,H4284,1
NIV,H4286,1
KJV,H8378,1
KJV,H8425,1
KJV,H8422,1
KJV,H8414,1
KJV,H8393,1
NIV,H4439,1
NIV,H4442,1
KJV,H8384,1
KJV,H8379,1
KJV,H837,1
KJV,H8535,1
ESV,H2064,1
KJV,H8336,1
NIV,H4506,1
NIV,H4513,1
KJV,H833,1
NIV,H4550,1
NIV,H4553,1
KJV,H8316,1
KJV,H8439,1
ESV,H1746,1
KJV,H8449,1
NIV,H4393,1
NIV,H4301,1
ESV,H2056,1
KJV,H8522,1
NIV,H4308,1
ESV,H2061,1
NIV,H4314,1
KJV,H8494,1
NIV,H4353,1
KJV,H8485,1
NIV,H437,1
NIV,H4372,1
KJV,H8482,1
KJV,H8477,1
NIV,H4380,1
NIV,H439,1
KJV,H8453,1
KJV,H8451,1
NIV,H1068,1
NIV,H4014,1
NIV,H160,1
NIV,H1409,1
NIV,H3733,1
NIV,H3742,1
NIV,H375,1
NIV,H3754,1
NIV,H3756,1
NIV,H1416,1
NIV,H3763,1
NIV,H3766,1
NIV,H3777,1
NIV,H3724,1
NIV,H1389,1
NIV,H3794,1
NIV,H1364,1
NIV,H3811,1
NIV,H1350,1
NIV,H1335,1
NIV,H3817,1
NIV,H1330,1
NIV,H3732,1
NIV,H1472,1
NIV,H4005,1
NIV,H1521,1
NIV,H3617,1
NIV,H1572,1
NIV,H364,1
NIV,H3641,1
NIV,H155,1
NIV,H3648,1
ESV,H1838,1
NIV,H1548,1
NIV,H367,1
NIV,H1476,1
NIV,H1514,1
NIV,H3678,1
NIV,H368,1
NIV,H1512,1
NIV,H3682,1
NIV,H1506,1
NIV,H3695,1
NIV,H1482,1
NIV,H3830,1
NIV,H3833,1
NIV,H132,1
NIV,H1160,1
NIV,H39,1
NIV,H390,1
NIV,H1215,1
NIV,H3912,1
NIV,H3913,1
NIV,H1166,1
NIV,H3940,1
NIV,H1165,1
NIV,H3962,1
NIV,H1306,1
NIV,H1151,1
ESV,H1800,1
NIV,H1126,1
ESV,H2018,1
NIV,H110,1
NIV,H1092,1
NIV,H108,1
NIV,H1071,1
NIV,H1219,1
NIV,H3892,1
NIV,H122,1
NIV,H3888,1
NIV,H3839,1
NIV,H3843,1
NIV,H1298,1
NIV,H3853,1
NIV,H3856,1
NIV,H3858,1
NIV,H386,1
ESV,H2007,1
NIV,H3865,1
NIV,H3866,1
NIV,H3869,1
NIV,H1270,1
NIV,H1260,1
NIV,H1237,1
NIV,H1235,1
NIV,H1224,1
NIV,H3887,1
KJV,H6131,1
KJV,H6123,1
KJV,H1887,1
NLT,H1335,1
KJV,H3252,1
KJV,H3232,1
NLT,H132,1
KJV,H3231,1
KJV,H3226,1
KJV,H3223,1
NLT,H1330,1
KJV,H3222,1
NLT,H1350,1
NLT,H1298,1
NLT,H1364,1
ESV,H2400,1
KJV,H3207,1
ESV,H2401,1
KJV,H3199,1
NLT,H1389,1
KJV,H3195,1
KJV,H3183,1
NLT,H1306,1
KJV,H3266,1
KJV,H3177,1
NLT,H1237,1
KJV,H339,1
ESV,H1512,1
NLT,H1215,1
NLT,H1219,1
NLT,H122,1
NLT,H1224,1
KJV,H3374,1
NLT,H1235,1
KJV,H3349,1
KJV,H328,1
KJV,H3337,1
NLT,H1260,1
KJV,H3334,1
ESV,H1506,1
NLT,H1270,1
KJV,H3326,1
ESV,H2399,1
KJV,H3282,1
NLT,H1409,1
NLT,H1416,1
KJV,H3858,1
NLT,H1617,1
KJV,H2965,1
NLT,H160,1
NLT,H1605,1
KJV,H2964,1
NLT,H161,1
KJV,H2943,1
NLT,H1613,1
NLT,H1614,1
NLT,H1634,1
KJV,H2989,1
KJV,H2918,1
KJV,H2909,1
ESV,H2447,1
NLT,H1648,1
KJV,H2891,1
KJV,H2885,1
NLT,H1666,1
KJV,H2881,1
KJV,H2966,1
NLT,H1572,1
KJV,H3176,1
NLT,H1506,1
ESV,H2406,1
KJV,H3106,1
KJV,H3102,1
NLT,H1472,1
NLT,H1476,1
NLT,H1482,1
KJV,H3067,1
ESV,H2436,1
NLT,H1512,1
ESV,H1482,1
NLT,H1514,1
KJV,H3044,1
NLT,H1521,1
NLT,H1548,1
NLT,H155,1
KJV,H3018,1
KJV,H2999,1
KJV,H2992,1
NLT,H1166,1
NLT,H1165,1
NLT,H1160,1
KJV,H3732,1
KJV,H3766,1
KJV,H3763,1
KJV,H3756,1
NIV,H8551,1
KJV,H3754,1
KJV,H375,1
KJV,H3742,1
NIV,H8574,1
KJV,H3724,1
KJV,H3794,1
NIV,H8591,1
NIV,H8596,1
KJV,H3695,1
ESV,H2347,1
KJV,H3682,1
KJV,H368,1
KJV,H3678,1
KJV,H367,1
KJV,H3777,1
NIV,H8535,1
KJV,H3392,1
NIV,H8485,1
KJV,H3853,1
NIV,H8439,1
NIV,H8449,1
NIV,H8451,1
NIV,H8453,1
NIV,H8477,1
ESV,H2342,1
NIV,H8482,1
KJV,H3835,1
ESV,H2343,1
NIV,H8489,1
KJV,H3833,1
NIV,H8494,1
KJV,H3830,1
KJV,H3817,1
KJV,H3811,1
NIV,H8522,1
NIV,H8524,1
NIV,H8659,1
ESV,H155,1
KJV,H3648,1
NLT,H1092,1
ESV,H1521,1
NLT,H1065,1
KJV,H345,1
NLT,H1068,1
NLT,H1071,1
NLT,H108,1
KJV,H3444,1
KJV,H3440,1
NLT,H110,1
NIV,H882,1
KJV,H3438,1
KJV,H3435,1
ESV,H2375,1
KJV,H3411,1
NLT,H1126,1
ESV,H1514,1
KJV,H3394,1
NLT,H1151,1
KJV,H3506,1
KJV,H3509,1
KJV,H3510,1
KJV,H3526,1
KJV,H3641,1
KJV,H3617,1
ESV,H2366,1
NIV,H911,1
NIV,H916,1
NIV,H922,1
NIV,H926,1
ESV,H1548,1
NIV,H937,1
NIV,H938,1
KJV,H3580,1
NIV,H954,1
NIV,H959,1
KJV,H355,1
KJV,H3536,1
NIV,H983,1
KJV,H3533,1
KJV,H2875,1
KJV,H2874,1
NLT,H1683,1
NLT,H2366,1
KJV,H2301,1
NLT,H2342,1
NLT,H2343,1
KJV,H2291,1
KJV,H2290,1
NLT,H2347,1
KJV,H2280,1
KJV,H2268,1
KJV,H2266,1
NLT,H2339,1
KJV,H2250,1
NLT,H2375,1
KJV,H2220,1
KJV,H2209,1
NLT,H2399,1
NLT,H2400,1
NLT,H2401,1
KJV,H2207,1
KJV,H2313,1
KJV,H2315,1
KJV,H2400,1
NLT,H2268,1
NLT,H2224,1
KJV,H2399,1
KJV,H238,1
KJV,H2375,1
KJV,H2368,1
NLT,H2250,1
KJV,H2366,1
KJV,H2347,1
KJV,H2343,1
NLT,H2327,1
KJV,H2342,1
NLT,H2280,1
KJV,H2339,1
NLT,H2291,1
NLT,H2301,1
NLT,H2313,1
NLT,H2315,1
KJV,H2327,1
NLT,H2406,1
KJV,H2201,1
KJV,H2196,1
NLT,H2569,1
NLT,H2533,1
NLT,H2534,1
NLT,H2538,1
KJV,H202,1
KJV,H2018,1
NLT,H2551,1
NLT,H2563,1
KJV,H1990,1
KJV,H1988,1
KJV,H2190,1
KJV,H1984,1
NLT,H2577,1
KJV,H1967,1
KJV,H1933,1
ESV,H2491,1
KJV,H1924,1
KJV,H1913,1
NLT,H2600,1
NLT,H2532,1
KJV,H2032,1
NLT,H2529,1
KJV,H2048,1
KJV,H2188,1
NLT,H2436,1
KJV,H2183,1
NLT,H2447,1
KJV,H2175,1
KJV,H2173,1
KJV,H2161,1
NLT,H2470,1
KJV,H2132,1
KJV,H211,1
KJV,H2104,1
NLT,H2491,1
KJV,H208,1
NLT,H2509,1
KJV,H2064,1
KJV,H2061,1
KJV,H2056,1
NLT,H2220,1
NLT,H2207,1
KJV,H2873,1
NLT,H1887,1
KJV,H2708,1
KJV,H2700,1
NLT,H1853,1
NLT,H1863,1
NIV,H2600,1
KJV,H2691,1
KJV,H268,1
KJV,H2671,1
KJV,H2654,1
KJV,H2710,1
KJV,H2650,1
NLT,H1913,1
NLT,H1924,1
KJV,H2600,1
NLT,H1950,1
ESV,H1476,1
KJV,H2593,1
NLT,H1976,1
NLT,H1838,1
KJV,H2721,1
KJV,H2406,1
NLT,H1721,1
KJV,H2859,1
KJV,H2858,1
NLT,H1706,1
NLT,H1709,1
KJV,H2847,1
NLT,H1711,1
KJV,H2844,1
KJV,H2836,1
KJV,H28,1
KJV,H2724,1
NLT,H1746,1
KJV,H2794,1
KJV,H278,1
KJV,H2779,1
KJV,H276,1
KJV,H2758,1
NLT,H1800,1
KJV,H2751,1
ESV,H1472,1
NLT,H1984,1
NLT,H1988,1
KJV,H2447,1
KJV,H2504,1
KJV,H2491,1
NLT,H2102,1
NLT,H2104,1
NLT,H211,1
NLT,H213,1
NLT,H2132,1
KJV,H2470,1
NLT,H2161,1
NLT,H1990,1
KJV,H2436,1
NLT,H2175,1
NLT,H2183,1
NLT,H2188,1
NLT,H2190,1
NLT,H2196,1
NLT,H2201,1
ESV,H2470,1
NLT,H2082,1
NLT,H208,1
KJV,H2509,1
NLT,H2065,1
KJV,H2577,1
KJV,H2569,1
KJV,H2567,1
NLT,H2007,1
KJV,H2563,1
KJV,H2551,1
KJV,H2538,1
NLT,H2018,1
NLT,H202,1
KJV,H2534,1
KJV,H2533,1
KJV,H2532,1
NLT,H2032,1
KJV,H2529,1
NLT,H2056,1
NLT,H2061,1
NLT,H2064,1
NIV,H8425,1
NIV,H8422,1
KJV,H6117,1
KJV,H5391,1
ESV,H1614,1
KJV,H5445,1
NIV,H7125,1
KJV,H5442,1
KJV,H5434,1
KJV,H5429,1
NIV,H714,1
NIV,H7140,1
NIV,H7161,1
KJV,H5454,1
KJV,H5382,1
KJV,H5377,1
KJV,H5356,1
NIV,H7199,1
ESV,H1613,1
NIV,H7208,1
NIV,H721,1
KJV,H5344,1
NIV,H7120,1
KJV,H5455,1
NIV,H722,1
NIV,H7055,1
NIV,H6994,1
KJV,H5575,1
KJV,H5564,1
KJV,H5560,1
NIV,H7017,1
KJV,H5551,1
NIV,H7019,1
KJV,H553,1
NIV,H7058,1
KJV,H546,1
NIV,H7062,1
NIV,H7064,1
KJV,H5521,1
KJV,H552,1
KJV,H5513,1
KJV,H5497,1
NIV,H7074,1
KJV,H5475,1
KJV,H5333,1
NIV,H7220,1
KJV,H386,1
NIV,H7379,1
NIV,H7342,1
KJV,H5209,1
KJV,H5207,1
KJV,H5178,1
KJV,H5168,1
NIV,H736,1
NIV,H7363,1
ESV,H2250,1
KJV,H5139,1
KJV,H5220,1
NIV,H7384,1
NIV,H7386,1
NIV,H7387,1
NIV,H7393,1
KJV,H5113,1
NIV,H7411,1
NIV,H7449,1
NIV,H7455,1
NIV,H7339,1
KJV,H523,1
KJV,H5322,1
KJV,H5276,1
KJV,H5320,1
KJV,H5305,1
NIV,H7232,1
KJV,H5303,1
KJV,H5301,1
NIV,H7242,1
KJV,H5283,1
KJV,H5279,1
NIV,H7264,1
KJV,H5230,1
NIV,H727,1
KJV,H5275,1
KJV,H5262,1
KJV,H5258,1
KJV,H5254,1
NIV,H7305,1
KJV,H5243,1
KJV,H5237,1
KJV,H5582,1
ESV,H2224,1
NIV,H6982,1
ESV,H2201,1
KJV,H5959,1
NIV,H665,1
ESV,H2190,1
NIV,H6654,1
KJV,H5935,1
KJV,H5933,1
ESV,H2196,1
KJV,H5923,1
KJV,H5916,1
ESV,H2188,1
KJV,H591,1
NIV,H67,1
NIV,H6712,1
KJV,H5902,1
KJV,H5891,1
NIV,H6738,1
ESV,H2207,1
NIV,H675,1
KJV,H5968,1
ESV,H1617,1
NIV,H6975,1
NIV,H6584,1
NIV,H6524,1
KJV,H6099,1
NIV,H6556,1
KJV,H6089,1
KJV,H6081,1
NIV,H6561,1
NIV,H6565,1
NIV,H6571,1
KJV,H6049,1
NIV,H6625,1
NIV,H6595,1
NIV,H6601,1
KJV,H6047,1
KJV,H6006,1
KJV,H6003,1
NIV,H6617,1
KJV,H5999,1
KJV,H5983,1
KJV,H5861,1
NIV,H6760,1
KJV,H5858,1
NIV,H6938,1
KJV,H5697,1
KJV,H5692,1
KJV,H5678,1
NIV,H692,1
ESV,H2220,1
NIV,H6929,1
NIV,H6935,1
KJV,H565,1
NIV,H6942,1
KJV,H5826,1
KJV,H5624,1
KJV,H5612,1
NIV,H6955,1
KJV,H5611,1
KJV,H561,1
KJV,H56,1
NIV,H6967,1
NIV,H6973,1
NIV,H6887,1
KJV,H57,1
KJV,H5706,1
KJV,H5730,1
NIV,H6786,1
NIV,H6798,1
KJV,H5804,1
NIV,H680,1
NIV,H6805,1
KJV,H5774,1
NIV,H6812,1
KJV,H577,1
KJV,H5763,1
KJV,H5762,1
NIV,H6822,1
KJV,H5748,1
KJV,H5745,1
KJV,H5742,1
NIV,H6837,1
NIV,H6847,1
NIV,H6862,1
NIV,H7456,1
KJV,H5039,1
KJV,H5030,1
NIV,H8138,1
KJV,H424,1
NIV,H811,1
NIV,H8110,1
KJV,H4236,1
NIV,H8127,1
NIV,H813,1
KJV,H4202,1
NIV,H8134,1
KJV,H420,1
NIV,H8088,1
ESV,H2313,1
KJV,H4184,1
KJV,H4179,1
KJV,H4176,1
KJV,H4172,1
ESV,H2315,1
KJV,H4119,1
KJV,H4105,1
KJV,H4241,1
KJV,H425,1
KJV,H4372,1
KJV,H4301,1
NIV,H8006,1
KJV,H437,1
NIV,H8026,1
KJV,H4353,1
NIV,H8029,1
ESV,H2291,1
NIV,H8038,1
KJV,H4308,1
ESV,H2301,1
KJV,H4258,1
NIV,H8045,1
NIV,H805,1
NIV,H8057,1
ESV,H1572,1
KJV,H4284,1
KJV,H4283,1
KJV,H4279,1
KJV,H4266,1
NIV,H817,1
KJV,H4092,1
NIV,H818,1
KJV,H3892,1
ESV,H2339,1
KJV,H3962,1
NIV,H833,1
KJV,H3938,1
KJV,H3913,1
KJV,H3912,1
KJV,H390,1
KJV,H39,1
KJV,H3888,1
NIV,H8180,1
NIV,H837,1
NIV,H8378,1
NIV,H8384,1
KJV,H3869,1
NIV,H8393,1
KJV,H3866,1
KJV,H3865,1
NIV,H8414,1
NIV,H8316,1
KJV,H4005,1
KJV,H4014,1
NIV,H8294,1
NIV,H8181,1
KJV,H4091,1
NIV,H8195,1
KJV,H4084,1
ESV,H2327,1
KJV,H4074,1
NIV,H8233,1
KJV,H4043,1
NIV,H8247,1
KJV,H4042,1
NIV,H8254,1
KJV,H4031,1
KJV,H403,1
NIV,H8280,1
KJV,H4025,1
KJV,H4017,1
NIV,H8288,1
NIV,H8004,1
NIV,H7999,1
KJV,H5002,1
NIV,H765,1
KJV,H486,1
KJV,H4854,1
KJV,H4852,1
NIV,H763,1
KJV,H4851,1
KJV,H4847,1
KJV,H4843,1
KJV,H4829,1
KJV,H4828,1
KJV,H4886,1
ESV,H161,1
NIV,H7656,1
KJV,H481,1
NIV,H7665,1
KJV,H4808,1
KJV,H4786,1
KJV,H4775,1
NIV,H7699,1
KJV,H4870,1
KJV,H490,1
NIV,H7998,1
NIV,H7522,1
KJV,H4979,1
NIV,H748,1
KJV,H4976,1
NIV,H7486,1
KJV,H4975,1
KJV,H4970,1
NIV,H751,1
KJV,H4962,1
KJV,H4957,1
NIV,H7611,1
NIV,H7533,1
KJV,H4943,1
KJV,H4942,1
KJV,H4931,1
KJV,H4927,1
NIV,H7583,1
KJV,H4902,1
KJV,H4900,1
KJV,H4759,1
KJV,H473,1
KJV,H4723,1
NIV,H7918,1
NIV,H788,1
NIV,H7886,1
NIV,H7892,1
KJV,H4553,1
KJV,H4550,1
NIV,H790,1
KJV,H4522,1
KJV,H4513,1
KJV,H4506,1
NIV,H7718,1
KJV,H4496,1
KJV,H4494,1
KJV,H4448,1
KJV,H4439,1
ESV,H2280,1
KJV,H4393,1
NIV,H7989,1
KJV,H4380,1
KJV,H4569,1
NIV,H7856,1
KJV,H4574,1
KJV,H46,1
ESV,H1605,1
ESV,H2268,1
NIV,H7740,1
NIV,H7741,1
NIV,H7742,1
KJV,H4709,1
ESV,H160,1
NIV,H7764,1
KJV,H4687,1
NIV,H7774,1
NIV,H7791,1
KJV,H4649,1
KJV,H4643,1
NIV,H780,1
KJV,H461,1
NIV,H7818,1
KJV,H4601,1
NIV,H1984,1
